Title,Num_Of_Prev_Drops,Whitepaper,Requirement_Count,Guide_Length,Social_Media_Count,Temp
Thruster,0,1,0,12,3,0
Rabby Wallet,0,0,0,15,5,0
Token Metrics,0,0,1,4,6,0
Tari,0,1,0,8,8,0
Imaginary Ones,0,1,1,8,6,0
Glacier Network,0,1,0,18,5,36
Zyfi,0,1,0,13,4,0
Aethir,0,1,0,11,3,0
Storm Trade,0,1,1,9,2,0
Holograph,0,1,0,8,4,0
Phaver,1,1,0,16,6,1
EigenLayer,0,1,0,15,3,55
Elfin,0,1,0,10,7,0
Masa,0,1,0,14,7,0
SpaceCatch,0,1,1,9,7,1
Mande Network,0,1,0,10,4,0
Xtremeverse,0,1,0,9,3,0
Fyde,0,1,0,10,4,2
Ekubo,0,1,0,7,5,0
CAGA,0,1,1,8,5,1
Sanctum,0,0,0,19,3,4
zkPass,0,0,2,8,5,0
Nyan Heroes,0,1,0,9,5,0
My Lovely Planet,0,1,0,7,4,2
Tabi,0,1,0,11,6,0
Mode,0,1,0,24,7,3405
Particle Network,0,1,0,17,4,0
XSwap,0,1,0,11,7,0
ZeroLend,0,1,0,9,6,0
Aperture Finance,0,1,0,12,5,0
Primex,1,1,0,20,5,1
MYTH,0,1,2,5,4,1
Immutable,1,1,0,22,9,1
Drift Protocol,0,0,0,11,5,0
Another-1,0,1,3,10,5,10
Raiinmaker,0,1,3,9,5,0
Renzo,0,1,0,22,5,0
Blackwing,0,1,0,11,4,6108
Kamino,0,1,0,14,7,0
Saltwater Games,0,1,2,10,6,1
UpRock,0,1,1,9,3,5
LunarStorm,0,1,3,5,6,2
Revolving Games,0,0,0,8,4,0
PlanetQuest,0,1,1,12,4,1
Zoth,0,1,0,12,5,0
IntentX,0,1,0,14,4,0
BeFi Labs,0,1,0,5,6,0
Reya Network,0,1,0,11,4,5
Moongate,0,1,1,11,5,0
Sophon,0,0,0,5,2,0
Pixelverse,0,0,1,8,5,0
Apillon,0,1,1,10,5,0
Bemo,0,1,0,11,3,0
MilkyWay,0,1,0,10,6,0
Astaria,0,1,0,11,5,0
BSX,0,0,0,9,4,6459
OrangeLayer,0,1,0,7,3,0
InceptionLRT,0,1,0,9,5,0
MANTRA,0,1,0,6,8,0
BounceBit,0,1,0,12,4,0
BlastOff,0,1,0,13,4,1
Soarchain,0,1,0,19,6,0
Elixir,0,1,0,15,4,0
Omni Network,0,1,0,15,8,-1
Solv Protocol,0,1,0,13,5,0
Planet Mojo,0,0,2,5,5,0
Parcl,0,1,0,17,6,1
DTX,0,1,0,15,4,0
Cryptopia,0,1,1,10,6,0
Ultimate Digits,0,1,0,6,4,1
Zeta,0,1,0,13,4,0
MPRO Lab,0,1,1,5,5,1
Juice,0,1,0,18,5,0
deBridge,0,1,0,11,8,15
Karak,0,1,0,12,5,6300
RedStone,0,1,2,11,5,0
Tensor,0,1,0,8,6,0
Pac Finance,0,1,0,13,3,0
OverTrip,0,0,2,7,2,0
BlockGames,0,0,0,10,7,0
Grass,0,1,0,14,3,16
Warden Protocol,0,1,0,11,6,0
Base Name Service,0,1,0,11,3,1
Scallop,0,1,0,11,5,0
SynFutures,0,1,0,15,5,1
Orderly Network,0,1,0,8,4,2
StarryNift,0,1,0,12,5,0
Wormhole,0,1,0,11,9,0
Hava Coin,0,1,0,6,4,0
Battle Showdown: Gambit,0,1,1,13,6,2
Ethena,0,1,0,16,8,1
Nibiru Chain,0,1,0,7,9,0
Data Ownership Protocol,0,1,0,7,4,0
Pryzm,0,1,0,8,5,0
COTI,0,1,0,12,11,1
A51,0,1,0,9,6,0
ZKE Exchange,0,0,1,10,4,0
Sharpe,0,1,1,11,5,0
Aries Markets,0,1,0,16,4,0
Elys Network,0,1,0,9,6,1
Haven1,0,1,0,13,6,4
Helix,0,0,0,9,4,0
Kelp DAO,0,1,0,13,4,0
mySwap,0,0,0,6,4,0
Braavos,0,1,0,7,5,0
Tortuga Finance,0,1,0,11,3,0
BNB Chain,0,1,0,25,9,2
Aptin Finance,0,1,0,10,5,0
UniRouter,0,1,2,5,4,16
Aptos,0,1,0,10,9,1200
beoble,0,1,0,10,6,0
Param Gaming,0,0,1,9,3,0
XYRO,0,0,0,9,4,2
Plena,0,0,1,7,7,0
Polyhedra Network,0,1,0,7,4,0
ether.fi,0,1,0,12,6,4
DFlow,0,1,0,10,3,0
zkLend,0,1,0,16,5,0
Defispot,0,1,0,12,3,0
CyberConnect,1,1,0,29,8,0
Boson Protocol,0,1,0,10,9,0
Metis,0,1,0,7,12,0
DistrictOne,0,1,0,16,3,0
Layer3,0,1,0,8,3,0
Entangle,0,1,0,11,3,0
Panther Protocol,0,1,0,12,8,1
Memecoin,0,1,1,6,6,2
Teller,0,1,0,10,5,0
Gomble Games,0,1,0,7,4,0
Parallel Network,0,1,0,14,4,0
Ouinex,0,1,2,8,5,0
Mocaverse,0,0,0,11,4,0
Venom,0,1,0,3,5,0
SYNTHR,0,1,0,13,4,0
Wen Exchange,0,1,0,8,3,3320
YOLO Games,0,1,0,14,3,0
Aark Digital,1,1,2,27,5,0
Lava,0,1,1,12,4,0
Blast,0,0,0,19,3,6411
InvArch,0,0,0,9,6,0
KiloEx,0,1,0,9,5,0
Avantis,0,1,0,11,4,0
Zircuit,0,1,0,20,3,6411
Hana Network,0,0,0,9,4,0
tea,0,1,0,10,6,0
MetaStreet,0,1,0,15,5,0
NuLink,0,1,1,9,5,0
Ambit Finance,0,1,0,14,5,0
Smart Layer,0,1,1,9,8,0
MON Protocol,0,0,1,10,2,2
Rio Network,0,1,0,10,4,0
Optimism,1,1,0,21,8,0
Blaster,0,0,0,8,3,0
StarkNet,0,1,0,16,8,-289
AltLayer,0,1,0,9,8,0
Pixels,1,1,0,22,7,0
Kinetix Finance,0,1,0,9,6,0
Aftermath Finance,0,1,0,10,4,0
AVNU,0,1,0,10,5,0
Bluefin,0,1,0,13,5,2
Overlay Protocol,0,1,0,9,4,0
ClayStack,0,1,0,10,4,0
Retro Bridge,0,1,0,13,5,0
Dymension,0,1,0,20,6,6
INIT Capital,0,1,0,12,4,0
B² Network,0,1,0,13,6,0
Pike,0,1,0,12,4,0
ZetaChain,1,1,0,22,9,0
Partisia Blockchain,0,1,0,8,8,1
Jupiter,0,1,0,13,6,1
Aether,0,0,0,9,3,0
Nostra,0,1,0,14,4,0
edeXa,1,1,0,23,4,1
Undeads,0,1,0,9,7,1
Aether Games,0,1,0,17,6,1
Dmail Network,0,1,0,15,6,0
Presearch,1,1,0,17,10,0
Bitcoin Virtual Machine,0,1,0,10,2,4
StackingDAO,0,1,0,10,5,0
NAVI Protocol,0,1,0,9,5,0
Mind Network,0,1,0,12,8,0
XION,0,1,0,13,4,0
Ready To Fight,0,0,0,28,5,1
BRC-20 DEX,0,1,0,14,5,1
Web3Go,0,1,0,8,6,0
Berachain,0,1,0,19,6,3
Synonym,0,1,0,13,2,0
eesee,0,1,1,9,5,0
Unigraph Protocol,0,0,0,14,5,1
Virtual Labs,0,1,0,15,4,0
Manta Network,1,1,0,33,6,0
Sound.xyz,0,1,0,10,4,0
Reveel,0,1,0,8,4,0
Rain.fi,0,1,0,9,3,0
CARV,0,1,0,14,7,0
Swell,0,1,0,12,5,15
Frame,0,1,1,8,3,0
TeleportDAO,0,1,0,14,3,1
Seamless Protocol,0,1,0,31,8,0
BRC20,0,1,0,14,4,1
Kinza Finance,0,1,0,10,6,2404
Elusiv,0,1,0,9,5,0
Phoenix,0,1,0,7,3,0
Marinade,0,0,0,9,7,0
Jito,0,1,0,8,7,0
Term Structure,0,1,0,9,5,0
Affine,0,1,0,7,6,0
NovaDEX,0,1,0,10,5,0
Futureverse,0,1,0,7,3,1
Script Network,1,1,1,24,5,0
Hinkal,0,1,0,11,5,0
Patex,0,0,0,12,6,1
Pyth Network,0,1,0,26,9,0
Meuna,0,1,0,11,4,0
Satori,0,1,0,10,4,0
marginfi,0,1,0,10,6,0
Scroll Name Service,0,0,0,8,2,0
Aori,0,1,0,8,5,0
GRVT,0,0,1,6,5,0
ShanHai,0,1,1,7,5,1
Tezos Domains,1,1,0,16,6,0
Derivio,0,1,0,8,4,0
Celestia,0,1,0,23,7,2504
Base,0,1,0,12,4,6
BlueLight,0,1,1,9,9,1
Forcefi,0,1,0,5,3,1
Verida,0,1,1,8,9,1
Xai,0,1,0,10,4,0
Omni,0,1,0,10,5,160
Mangrove,0,1,0,7,5,0
Altitude,0,1,0,10,5,0
Ambient,0,1,0,10,5,0
Connext,1,1,0,15,9,0
Clipper,1,1,0,14,6,0
MoonlandMeta,0,0,0,7,6,1
Basilisk,0,1,0,10,5,0
Lightlink,0,1,0,10,3,0
Extra Finance,0,1,0,12,7,1
Hord,1,1,0,13,7,1
Chainflip,0,1,0,8,4,0
Web3Eco,0,0,0,11,5,1
Hubble Exchange,0,1,0,9,5,0
HMX,0,1,0,14,7,0
MELD,0,1,2,10,11,1
Worldcoin,0,1,2,14,7,2
DX25,0,1,1,12,6,0
Tsunami Finance,0,1,0,6,3,0
TapiocaDAO,0,1,0,11,3,0
Archway,0,1,0,11,7,1
zkSync id,0,1,0,8,6,0
Polygon zkEVM,0,0,0,12,8,0
Diva,0,1,0,10,5,2
Vela Exchange,1,1,0,16,9,1800
Letit,0,1,4,12,7,3
WhiteBIT,3,0,1,30,6,1
Maverick Protocol,1,1,0,25,9,2300
Tevaera,0,0,0,17,6,0
Velar,0,1,0,9,5,0
LunaFi,0,1,0,16,6,1
DBOE,0,0,1,8,5,0
Range Protocol,0,0,0,7,4,0
Cedro Finance,0,1,0,10,5,0
DigiFinex,0,0,0,9,6,1
BYDFi,0,0,0,8,7,1
Magic Square,0,1,0,6,8,1
StarkNet ID,0,1,0,12,3,0
MUFEX,0,1,0,11,6,0
Foxify,0,1,0,5,4,1
PulseChain,0,0,0,7,3,3
Housebets.io,0,1,0,11,4,1
DexCheck,0,1,1,7,5,1
Rebel Bots,0,1,1,11,11,0
Cashmere,0,1,0,12,7,0
5ireChain,0,1,0,9,6,0
EtherMail,0,0,1,10,3,0
zkSync Name Service,0,0,0,11,3,0
Yum Yum,0,1,1,9,6,1
ZKX,0,0,0,8,4,0
Increment,0,1,0,17,5,0
The Lost Wallet,0,0,0,11,3,0
Sui,0,1,0,10,5,2
Linea,0,1,0,21,3,-3
Polynomial Protocol,0,1,0,8,3,0
LimeWire,1,0,1,11,4,1300
SyncSwap,0,1,0,16,4,0
SPACE ID,2,1,0,40,7,0
Daoversal,0,0,3,6,6,1
Velvet.Capital,0,1,0,7,6,0
Huma Finance,0,1,0,12,4,6
SnowCone,0,1,0,11,6,1
Arbitrum,1,0,0,23,7,1400
Quasar,0,1,0,7,4,0
Dune Analytics,0,1,1,8,4,0
Legends of Elysium,0,1,1,11,7,1
Tide Exchange,0,1,0,9,4,0
AlienSwap,0,0,0,6,4,0
ZigZag,0,0,0,18,7,0
Collab.Land,0,0,0,14,4,0
Nexon Finance,0,1,0,9,5,0
EZ Finance,0,0,0,9,2,0
Olive,0,1,0,6,5,0
Enchanter Finance,0,0,0,7,4,0
Mayan,0,1,0,6,5,0
Biokript,0,1,1,6,4,5
Sudoswap,1,0,0,14,3,0
Timeless,0,1,0,6,7,0
SupraOracles,0,1,2,8,6,2
IPOR,0,1,0,10,9,0
Neptune Mutual,0,1,0,7,7,0
NFT3,0,0,0,8,6,0
Demex,0,1,0,7,4,0
Taiko,0,1,0,10,5,0
Specular,0,1,0,7,2,0
Hashstack,0,1,0,8,5,0
Brine,0,0,0,15,5,0
V2X,0,0,0,9,4,0
Supernova,0,1,0,9,5,0
Bebop,0,0,0,7,4,0
nftperp,0,0,0,7,4,0
KwikTrust,0,1,3,9,5,1
Phi,0,1,0,7,4,0
Plenty,0,1,0,7,5,400
Swing,0,1,0,8,5,0
Spectrum Finance,0,1,0,8,7,0
Harbor Protocol,1,0,0,21,2,0
Sentiment,0,1,0,10,4,0
Vertex,0,1,0,9,5,0
Voltz,0,1,0,6,3,0
objkt.com,0,0,0,7,3,0
TiTi Protocol,0,1,0,9,6,0
JediSwap,0,0,0,6,4,0
Uniswap,0,1,0,14,9,1
Across,1,1,0,17,3,900
Mean Finance,0,1,0,8,4,0
Key App,0,0,2,6,3,0
ParaSpace,0,1,0,10,2,0
Layerswap,0,0,0,7,4,0
Scroll,0,1,0,16,4,42
Aboard,0,1,0,6,6,0
MUN,0,1,0,9,3,0
Via Protocol,0,1,0,7,5,0
ChainHop,0,1,0,9,3,0
Cega,0,1,0,7,4,1
MTG,0,0,1,7,3,0
Arrakis Finance,0,1,0,8,6,0
Dolomite,0,1,0,7,7,0
Deepwaters,0,1,0,7,4,0
BlueMove,0,1,0,6,7,0
OptiFi,0,1,0,8,4,0
Alpha Road,0,0,0,7,5,0
Sei,0,1,1,8,7,4
OpenChat,0,1,0,7,3,0
Shardeum,0,1,0,15,7,0
RabbitX,0,0,1,7,3,0
The Granary,0,0,0,6,4,0
Metaplex,0,1,0,10,6,0
Rage Trade,0,0,0,7,5,0
LayerZero,0,1,0,11,6,17
Pontem,0,0,0,10,7,0
Onomy Protocol,0,1,0,14,6,0
Blur,0,0,0,7,3,3
Trustless,0,1,0,12,5,0
Commodo,0,0,0,9,4,0
Stratos,0,0,0,5,3,0
Teritori,0,1,0,8,4,0
XEN Crypto,0,1,0,7,7,0
Binance Account Bound (BAB),0,0,2,14,2,0
ZKEX,0,1,0,10,5,0
Helio Protocol,0,1,0,8,6,0
Karate Combat,0,1,1,4,5,0
Conic Finance,0,1,0,9,6,0
HTX,6,0,0,61,8,34
Odos,0,0,0,8,3,1
Ragnar Protocol,0,1,1,12,4,0
AllStars Digital,0,1,4,8,7,6000
KuCoin,4,0,0,56,7,20
Rubic x Symbiosis x Boba,5,1,1,43,11,0
Xiroverse,0,0,1,4,4,1
Terran Coin,0,0,7,9,8,1
Quai Network,0,1,2,12,6,0
Dogechain,0,1,0,10,6,0
Portal,0,1,0,7,4,0
Cornerstone,0,0,0,10,5,0
Stride,0,1,0,12,4,4
Composable Finance,0,1,0,4,7,0
Tegro,0,0,1,5,3,-1
Quix,0,0,0,5,3,0
Bungee,0,0,0,6,4,0
StormGain,0,0,2,11,5,4
LI.FI,0,1,0,11,6,0
Tally Ho,0,1,0,6,4,0
Forta,0,1,0,12,8,0
Sweat Economy,0,1,2,5,6,1
ZORA,0,1,0,8,4,0
Velodrome,0,1,0,13,5,0
Chains,0,1,3,8,7,6
DAO Labs,1,0,4,35,6,1
0VIX,0,0,0,5,5,0
Bonq,0,1,0,6,5,0
Epsylon,0,0,0,5,4,0
Ledn,0,0,2,7,3,0
RealMe,0,0,2,7,3,1
Matrix,0,1,0,6,5,0
Retrograde,0,1,0,5,4,0
Hop Protocol,1,1,0,12,5,0
Gem,0,0,0,6,3,0
Lend Flare,0,1,0,5,8,0
Leap Wallet,0,1,0,11,5,0
Bridgesplit,0,0,0,5,4,0
Fractional,0,0,0,5,5,0
Nebula Protocol,0,0,0,5,6,0
Styllar,0,0,0,8,4,0
Crescent Network,0,1,0,10,6,0
Tangible,0,0,1,26,6,1
Taki,0,0,1,5,4,0
ioTube,0,0,0,6,4,0
YoBit,0,0,1,6,4,-100
Void Protocol,0,0,0,7,5,0
VINCI,0,1,3,6,6,-100
Element Finance,1,1,0,16,6,0
LandDAO,0,1,0,11,3,1
cheqd,0,1,0,7,10,0
Unagii,0,1,0,6,4,0
Nested,0,1,0,5,6,0
AssetMantle,0,0,0,16,7,0
Morpher,0,1,2,12,8,1
Mars Protocol,0,1,0,9,7,0
Findora,0,1,4,10,10,0
LikeCoin,0,1,0,9,6,0
Fuji DAO,0,1,0,5,5,0
Diffusion Finance,0,0,0,12,6,0
pSTAKE Finance,0,1,0,15,11,0
PartyBid,0,0,0,6,4,0
Frax,0,1,0,7,4,0
Craft Economy,0,0,0,10,3,0
X2Y2,0,1,0,7,6,0
ThetaNuts Finance,0,0,0,6,5,0
CowSwap,1,1,0,12,4,3
Orbiter Finance,0,0,0,7,5,0
GameInfinity,1,0,0,33,6,1
Katana,0,0,0,5,4,0
Stargaze,0,0,0,8,9,0
Trust Domains,0,0,0,6,6,0
Fraktal,0,1,0,8,3,0
Votium,0,0,0,7,5,0
Nomic,0,0,0,6,5,0
Friktion,0,1,0,5,4,0
WhaleFin,0,0,2,10,4,1
Sonic,0,0,0,6,5,14
Quarry,0,0,0,5,5,0
OmniFlix,0,0,0,13,6,0
Chic Cow & Bullzz,0,0,0,22,4,1
Shell Protocol,0,1,0,7,5,0
Mintbase,0,1,0,6,6,0
Legion Network,0,1,2,7,9,0
Rubicon,0,1,0,6,5,0
Glow,0,1,0,8,4,0
Coinhall,0,0,0,7,3,0
LooksRare,0,1,0,10,7,0
StellarX,0,0,0,5,3,0
Coreum,0,1,0,7,5,0
Gas DAO,0,0,0,8,7,2
Astroport,0,1,0,6,7,0
Aztec,0,1,0,11,6,0
Terra Name Service,0,0,0,7,4,0
Lum Network,0,1,0,10,6,0
Francium,0,1,0,6,6,0
ICON,0,1,0,9,10,0
Paras,0,1,0,8,6,0
IOTA,0,1,0,11,9,0
iExec,2,1,0,22,11,30
Comdex,0,1,0,7,5,0
Volmex,0,1,0,8,4,0
Hangry Animals,0,1,1,4,8,0
Argent,0,0,1,6,5,0
Limocoinswap,0,1,5,9,4,0
Socean,0,1,0,5,5,0
Terra World,0,1,0,8,7,0
Superfluid,0,1,0,5,5,0
Hardcore FC,0,1,3,8,6,0
Hedgehog Markets,0,1,0,6,5,2
Sablier,0,1,0,5,5,0
Desmos,0,1,0,15,5,0
Atrix,0,0,0,5,4,0
Instrumental Finance,0,0,0,7,4,0
TokenSets,0,1,0,7,4,0
Spintop,0,1,3,7,6,0
Phantom,0,1,0,8,3,3
DeBank,0,0,0,7,6,4
Aquarius,0,0,0,7,9,0
Saddle Finance,1,1,0,10,6,0
DexGuru,0,1,0,7,5,0
ParaSwap,1,1,0,20,7,0
Matcha,0,0,0,7,4,0
Solanart,0,0,0,5,3,0
Foundation,0,0,0,5,2,0
Digital Arms,0,1,1,6,5,0
Gro Protocol,0,1,0,7,9,0
Gridlock,1,0,1,12,5,0
Paladin,0,1,0,6,5,0
Apricot Finance,0,1,0,5,6,0
Sologenic,0,1,0,7,8,0
TerraFloki,0,1,0,10,5,0
DeFi Saver,0,0,0,5,5,0
OneOf,0,0,1,5,7,0
Zerion,0,0,0,7,7,0
BitYard,1,0,2,12,6,2
Zapper,0,1,0,6,4,0
HUMAN Protocol,0,1,1,8,9,4
Gaia EverWorld,1,0,0,11,5,5
Sportemon Go,0,1,1,4,7,0
Yield Protocol,0,1,0,5,4,0
Cozy Finance,0,1,0,5,3,0
Timeswap,0,1,0,7,5,0
Terra Land,0,0,0,7,8,0
Opyn,0,0,0,7,4,0
Symmetry,0,0,0,5,5,0
Apollo DAO,0,0,0,6,4,0
Solend,0,1,0,5,4,0
Terraswap,0,1,0,5,3,0
Talis Protocol,0,1,0,6,4,0
Flare Finance,1,1,0,13,6,0
Polymarket,0,1,0,5,5,4670
zkSync,0,1,0,18,6,0
Valkyrie Protocol,0,1,0,14,4,0
Slingshot,0,0,0,6,3,0
OpenSea,0,1,0,5,6,0
Shade Protocol,0,1,0,11,5,0
Roco Finance,0,1,2,6,9,0
Nexo,0,1,2,7,10,0
Backd,0,1,0,5,7,0
Loop,0,1,0,9,3,0
Metamask,0,1,0,10,4,0
Nexus Protocol,0,1,0,7,5,1
Boba Network,0,0,0,8,5,0
Portuma,0,1,1,6,6,2
BrightID,0,1,0,15,6,0
InPoker,0,1,3,12,8,2
Adshares,0,1,2,6,7,0
Thales,0,1,0,14,7,0
Foil Network,0,1,4,8,8,0
Songbird,0,0,0,9,1,0
Tokel,0,1,0,8,9,5
BullionFX,0,0,3,10,7,3
Juno,0,1,0,8,7,0
Bitget,0,0,3,6,8,5
Remitano,0,1,2,6,5,3
Angel Protocol,0,0,0,7,6,0
StarTerra,0,1,0,22,5,0
Blockasset,0,0,1,3,6,0
SuperRare,0,1,0,9,9,0
HAI DAMO,0,1,0,4,5,0
Sunny,0,0,0,10,3,0
WEYU,1,1,2,19,5,9
dYdX,0,1,0,8,6,0
DFyn,0,1,0,7,8,0
Notional,0,1,0,7,5,0
Altair,0,0,0,6,3,0
EmiSwap,0,1,3,21,8,0
ShapeShift,1,1,0,19,10,1
THORSwap,0,0,0,5,5,0
VoltNFT,0,0,1,8,7,0
OpenOcean,0,1,0,8,8,0
NFTb,0,0,0,9,9,0
hi,0,1,1,11,7,830
TAP,0,1,3,7,8,1
Moonbet,0,1,2,4,8,4
Spar Finance,0,0,0,7,7,0
Connect Financial,0,0,0,5,5,0
Osmosis,0,0,0,14,5,0
Pylon Protocol,0,0,0,5,4,0
GemBites,0,1,1,8,4,0
EarnBet,0,0,4,12,10,0
Orion Money,0,0,0,7,6,0
Omni,0,1,3,7,6,160
EmiSwap,0,1,1,9,8,0
Instadapp,0,1,0,10,5,0
Degen’s Farm,0,1,0,5,7,0
Blockster,0,1,1,8,6,0
Skyward Finance,0,1,0,12,4,0
MoonEdge,0,1,3,9,5,0
NEFTiPEDiA,0,1,4,7,8,350
Thorstarter,0,1,2,7,6,0
Arweave,1,1,1,13,10,0
APENFT,0,1,0,8,7,0
EasyBake,0,0,0,6,6,0
Honeyswap,0,0,0,8,8,0
Charged Particles,0,1,0,7,8,0
BarterTrade,0,0,3,5,7,0
Ribbon Finance,0,1,0,7,5,0
ZoidPay,0,1,0,5,6,0
QiSwap,1,1,0,16,9,0
Crypto Thrills,1,0,1,12,3,0
DoRen,0,1,5,6,6,20
SolPAD,0,1,2,9,6,0
Convex Finance,0,1,0,7,7,0
RunNode,0,1,2,8,4,4
Venus,0,1,0,7,4,0
ChainX,0,1,0,7,5,0
Solanium,0,1,2,9,6,0
Impermax Finance,0,1,0,6,10,0
Avalaunch,0,0,0,5,5,0
Etherlite,0,1,0,5,6,0
Badger DAO,1,0,0,14,10,0
Binance,1,1,1,29,9,13
DeversiFi,0,0,0,6,4,0
Bribe,0,0,0,6,5,0
SORA,0,0,0,6,11,0
Maiar Exchange,0,0,0,13,3,0
HOPR,0,1,1,9,10,0
Aladdin,0,0,2,6,5,0
KLOMP,0,0,2,5,4,0
NFTMart,0,1,2,6,4,0
LOTTO,0,0,0,10,9,0
1inch,0,0,0,15,10,0
UMA,0,1,0,12,8,0
VINE Protocol,0,1,4,8,5,-444
Opensea Traders,0,0,0,6,1,0
Mofi Finance,0,1,4,10,6,0
POAP,0,0,0,6,6,0
Secret Network,0,1,0,6,10,0
Hydra,0,1,2,12,7,1
My Lotto Coin,0,1,2,8,6,0
Anchor Protocol,0,1,0,7,8,0
Graphene,0,0,0,7,5,0
Utile Network,2,1,3,22,7,-6
Donnie Finance,1,1,0,14,7,0
Sperax,0,1,0,9,10,0
PoolTogether,0,1,0,7,9,0
Sifchain,0,1,0,12,6,0
Neutrino Protocol,0,1,0,7,9,0
Bounce,0,1,0,5,7,0
Invest & Hodl,0,1,3,7,5,0
Furucombo,0,1,0,12,9,0
Lido,0,1,0,6,7,4
Chainge,0,0,1,11,6,-60
OnX Finance,0,1,0,8,6,0
MarcoPolo Protocol,2,1,2,26,9,0
Phala Network,0,1,0,13,9,0
Mirror Protocol,0,1,0,12,9,0
Numio,0,0,2,7,5,5
Flare,0,1,0,16,3,0
SocialGood,3,1,2,30,7,0
Metex,1,0,1,14,5,0
TomoChain,0,1,0,10,10,0
Audius,0,1,1,8,10,0
SwanFinance,0,0,1,8,7,0
Plutus,0,1,3,8,9,100
DIA,0,1,0,8,8,0
Permission,0,1,2,8,10,0
Massnet,0,1,3,8,6,0
Symbol,0,1,0,10,7,0
Bitcoin Rhodium,0,1,0,9,8,0
Intexcoin,0,1,3,5,6,0
GoodDollar,0,1,3,8,6,0
ARCS,0,1,2,5,7,0
DeFiChain,1,1,0,14,11,600
Cypherium,0,1,0,8,9,0
Handshake,0,1,1,14,7,0
Pcash,0,1,1,6,1,0
SwissBorg,1,1,3,12,11,0
UniWorld,0,1,3,11,7,0
BABB,0,0,3,7,7,0
Apollo,1,1,2,11,6,0
Bitribe,0,0,5,10,6,0
HeroCoin,1,1,2,20,9,1
NowEx,0,0,4,8,3,0
DAO Maker,0,1,3,9,8,0
Escher,0,0,0,0,1,0
Bitbns,0,1,2,5,8,0
Ludena Protocol,0,1,1,12,4,0
PointPay,0,1,6,10,8,0
JUST,0,1,0,9,5,0
Relictum Pro,0,1,7,15,8,0
Storeum,1,1,3,13,6,-12
StellarPayGlobal,0,1,3,9,5,0
DRK DeFi,0,1,3,8,4,0
Two Prime,0,1,2,8,3,0
PAC Global,0,1,2,6,7,45
FunderOne,0,1,4,7,4,0
Azbi,0,1,4,5,5,0
Storex,2,0,3,16,4,0
Blockpass,0,1,1,3,10,0
XinFin,0,1,2,5,9,0
1xBit,2,0,0,33,5,1
VNT Chain Labs,0,1,2,5,8,0
ICURY,0,1,3,6,4,6
Swapzone,0,0,3,7,4,0
Tandem,0,1,3,5,6,0
JDX,0,1,4,7,4,0
Global Gaming,0,1,0,7,4,2
Foodecent,0,0,4,12,5,0
NokNok,0,0,2,6,3,0
Minereum,0,1,0,8,7,0
Unochain,0,1,4,6,6,0
Social Club Rocks,0,0,1,5,2,0
KULAP,0,0,1,9,4,0
Petro,0,1,2,5,3,0
B One Payment,0,0,3,8,3,0
Personal Wager,0,0,2,9,4,0
Coalculus,0,1,0,7,6,0
Beldex,0,1,1,8,10,140
DAIN,0,1,3,8,4,0
Emirex,0,1,3,8,7,20
Bitcoin Turbo Koin Giveaway,0,1,2,6,7,0
Bancor,0,1,0,8,10,0
JIL TOKENS,0,1,4,7,6,0
K-Tune,2,1,4,19,4,0
ecxx,0,0,6,17,7,1
Pockero,0,1,5,10,6,0
Netspot Solutions,0,1,2,5,5,0
Limestone Network,0,1,3,6,5,0
P2P Club,0,1,3,7,6,0
BitCollar,0,1,5,8,6,30
Lino Network,0,1,2,4,7,0
Brave New Coin,0,1,2,15,7,0
Wavesbet,0,1,2,7,6,0
Riwigo,0,1,3,6,6,0
LiquidApps,0,1,2,6,9,0
BlocBox,0,1,2,5,5,0
Morpheus Network,0,1,1,7,8,2
Neo Smart Energy,0,1,4,7,6,0
Stan World,0,1,2,4,7,0
Tune.fm,0,0,1,3,8,0
Swiftex,0,1,3,7,8,0
Diagon,0,1,8,11,5,0
ReFork,0,1,2,9,7,0
Cryptocells,0,0,5,6,6,0
Freelanex,0,1,3,9,8,0
Beowulf Blockchain,0,0,2,5,6,0
FreedomOptions,0,0,1,10,5,0
2Key,0,1,2,12,8,0
Crypto Tribunal,0,0,2,7,2,0
TroyTrade,0,1,2,15,5,0
LocalCoin,1,1,2,19,8,0
KAPPI,0,1,3,5,5,-100
Kuvacash,0,0,2,15,3,0
ENOD,0,1,2,6,4,0
BitQuant,0,1,1,8,6,0
Binance JEX,0,0,1,7,4,0
Yezcoin,0,1,3,12,9,0
Validity,0,0,4,8,7,0
RIF,0,1,2,16,7,0
MediLiVes,0,1,5,9,8,0
Ormeus Ecosystem,0,1,5,5,7,0
INMINING,0,1,1,7,5,0
NOS Initiative,0,1,2,9,8,0
Maecenas,0,0,5,9,7,0
Nova Mining,0,1,4,8,6,0
Project WITH,0,1,3,7,4,5
Adrenaline AI,0,1,4,8,5,0
Hydro,1,1,2,16,10,0
OilWellCoin,0,1,5,7,6,0
Pynk,0,1,1,8,6,0
GCOX,1,1,2,11,4,0
Cocos BCX,0,1,1,7,9,0
Livetree,0,1,1,5,5,0
Felixo,0,0,8,8,5,0
WINk,0,1,0,9,8,1
TeleCoin,0,1,5,9,9,0
ETHplode,1,0,0,13,6,5
SpockChain,0,1,4,6,5,5
Ellcrys,0,1,6,9,8,0
Bitpanda,0,1,2,8,7,0
Arena Match,0,1,4,9,8,0
Discodery,0,1,1,8,5,0
Qtum,0,1,1,10,11,2
Netkoin,0,1,3,8,7,0
Algorand,1,1,1,17,9,24
Ten Billion Coin,0,1,6,9,5,0
OVR,0,1,3,6,8,1
BAGS token,0,0,3,7,6,0
AllForCrypto,1,1,3,14,6,0
Civic,0,1,2,6,9,115
Komodo,0,0,1,10,8,0
Netbox.Global,0,1,1,5,10,0
BRIKCOIN,1,1,6,24,6,0
PIEXGO,2,0,4,21,6,0
ParamountDax,0,1,1,4,6,0
Mediacoin,0,0,4,8,6,0
Dusk Network,0,0,8,8,10,0
Counos Platform,0,1,2,8,4,3
BTCOW,0,1,3,7,3,0
FIO Social,0,0,3,8,3,0
PBET,0,1,6,8,8,0
COINCOME,0,0,3,9,5,0
Comno Network,0,0,1,12,8,0
Blaze Protocol,0,1,7,24,5,0
Genesis,0,0,0,3,3,12
DocTailor,0,1,6,9,6,0
Fortem Capital,0,1,6,10,8,0
Authoreon,0,1,4,8,6,0
IdeaFeX,0,1,2,5,6,0
Ubrica,0,1,3,6,4,0
Typerium,0,1,3,8,6,0
VCC Exchange,0,0,2,7,5,0
Product Protocol,0,1,6,12,9,0
SDAT,0,0,0,11,4,0
Sparrow,0,0,2,5,8,0
Anchor,1,1,1,16,8,0
Creamcoin,0,1,2,7,9,0
CINDX,0,1,6,9,6,0
Atlas Protocol,0,0,6,10,7,0
PlasmaPay,0,1,2,13,8,0
Raven Protocol,0,0,2,11,8,0
Bcnex,1,1,2,15,7,6
Triffic,1,1,0,16,8,0
CoTrader,0,1,6,20,7,0
MimbleWimbleCoin,1,1,0,23,7,13
MiMiDi,0,1,2,5,4,0
Globatalent,1,1,1,10,8,0
Xprivate Chat,0,1,3,7,5,0
Homebloc,0,1,3,10,6,0
XR Web,0,1,2,7,5,0
SUKU,0,0,4,15,7,0
diamDEXX,0,0,2,19,7,0
Ampleforth,1,1,7,15,5,0
Minglechain,1,1,5,24,5,0
Bitwings,0,1,8,15,8,-20
UHIVE,0,1,2,8,7,0
Tryvium,0,1,4,7,7,0
AiBB,0,1,5,9,8,0
Dukascoin,0,1,2,9,3,0
SixDomainChain,0,1,3,8,8,0
Crypto Market Ads,0,1,3,10,8,0
UniversalCoin,0,1,2,10,5,0
P2PS,1,1,6,19,8,0
SOCIAL CHAINS,1,1,3,27,6,0
Reserve Round 2,0,0,2,8,0,4
DVMarketplace,0,1,4,6,8,0
Bank of Hodlers,0,1,1,5,5,22
Opiria,0,1,2,6,6,0
Kozjin,0,1,3,7,8,0
BULLEX,0,0,5,15,7,15
AllSesame,0,1,6,11,9,0
Fesschain,1,1,3,22,7,0
Dayta,0,1,6,11,9,0
Mindexcoin,0,1,2,5,5,0
GRAYLL,0,1,2,6,8,0
Ferrum Network,1,1,2,18,7,0
TEN,0,1,2,8,5,0
NOIA Network,0,1,3,9,9,1
Matrix AI Network,0,1,1,5,11,0
AMUSE,1,1,2,13,8,0
MediConnect,0,1,2,6,9,0
BitTube,0,0,0,8,7,0
Authpaper,0,1,1,4,6,0
BTSCOIN,0,1,3,6,3,0
CoinHe,0,1,3,6,5,0
StellarPay,0,1,3,5,8,0
IOTW,0,1,2,7,6,700
Cryptoxygen,0,1,4,9,7,0
CINEMADROM,0,1,6,17,5,0
Fusion Coin,0,0,2,8,4,0
CBNT,0,1,3,9,7,0
ODEM,0,1,1,4,10,15
EarthBi,0,1,3,8,4,0
Venoty,0,1,5,10,7,0
Futurepia,0,1,3,6,7,0
RTREE,0,1,2,8,4,6
Streamex,0,1,5,10,5,0
Tipestry,1,1,5,18,6,0
Betinance,0,0,1,6,6,0
BitForex,1,1,2,17,6,0
Coinquista,0,0,1,4,4,0
AMANPURI,0,1,4,9,6,0
Atomic Wallet,1,1,1,20,7,100
Five Colors Coin,0,1,5,8,6,0
EVEN Foundation,0,1,2,8,8,0
Konstellation,0,1,1,5,7,0
Gemstra,0,1,5,10,8,5
Chelle Coin,1,1,2,14,6,0
Pukkamex,1,1,1,12,6,0
AVXChange,0,1,5,8,6,0
eden.best,0,1,2,6,3,0
Licht Project,1,1,7,20,7,0
Trade Nexi,0,1,3,6,10,0
OpenWeb Network,0,1,2,6,6,0
Somesing,1,1,0,16,7,0
Vite,0,1,1,5,9,0
MADANA,0,1,2,7,7,0
Knowledge,0,1,5,11,7,20
Block and Chain,0,1,1,13,9,0
Monarch,0,1,4,9,6,0
Ally Network,1,1,3,14,5,0
Files.fm,0,1,1,7,8,0
Terra Credit,1,1,1,11,7,10
Tangle,0,1,3,9,4,0
Vecap,1,1,4,10,7,0
Havaex,0,1,3,6,4,0
FST Network,0,1,4,8,7,700
Vodi X,0,1,1,14,7,0
QuarkChain,2,1,2,20,11,0
Purple Butterfly Trading,0,1,3,6,6,0
Digitex,2,1,1,18,7,0
Omnity,1,1,4,16,4,0
Sheepcoin,0,1,2,4,7,1
QuiGig,0,1,1,4,5,0
BitValve,1,1,8,13,4,0
ARCC,0,1,2,6,7,0
Verity,0,1,1,14,7,0
Belacam,0,1,1,10,5,0
BlocPal,0,0,1,9,7,0
Mindsync,0,1,7,12,7,0
Velic,0,1,3,17,7,0
HighBank,0,1,5,7,8,0
FortFC,1,1,5,18,7,0
CurveBlock,0,1,1,6,8,0
Huddl,0,1,1,8,7,0
Moozicore,0,1,2,6,7,0
CryptoSoul,0,1,2,11,8,0
Nodis,0,1,3,5,5,0
Solve.Care,1,1,3,10,10,20
4hiphop,1,1,3,14,3,0
Almeedex,0,1,3,8,4,500
Saiterm,0,1,3,7,8,0
XCOYNZ,0,1,4,11,6,0
BtcEX,0,1,3,5,5,0
VANM,0,1,4,9,6,300
HyperionX,1,0,4,19,9,0
Crypto Potential,0,1,1,5,6,0
WOWX,0,1,1,5,7,0
TriipMiles,1,1,2,15,8,0
YellowTradingCoin,0,1,1,7,3,0
Bluenote,0,1,4,8,7,300
Cogmento,0,1,4,15,5,0
XPChain,0,1,4,5,7,0
KRONN,0,1,2,5,2,200
GLAD Network,0,1,3,9,9,0
TheVault,0,1,5,9,5,0
CoinTiger,0,0,2,9,7,0
Precium Foundation,0,1,2,6,5,0
Global Cryptocurrency,0,1,1,10,8,0
Z-POP DREAM,0,1,2,7,7,0
WHIRL,1,1,3,20,6,0
Daily Coin News,0,1,2,9,2,0
BitTorrent,0,1,0,8,10,0
Hxro,1,0,1,12,4,10
DACC,0,1,2,6,10,0
Singh,0,1,2,11,5,0
POP Network,0,1,8,8,8,0
MESG,0,1,3,9,7,0
DataOnBlock,0,1,0,7,5,0
PROOF OF TOSS,1,1,1,12,8,0
TerraGreen,1,1,3,17,7,5
PaxPago,0,1,6,11,7,0
Afincoin,0,1,7,10,5,0
The Collective,0,0,5,11,6,0
LTO Network,0,0,3,8,7,0
Insights Network,0,1,2,9,7,1
Cloverdex,0,1,3,6,8,0
DecentraX,0,1,3,9,7,0
Volentix,0,1,2,6,8,200
Energi,0,0,8,16,11,20
Opu Labs,0,1,1,7,8,0
ShareMeAll,0,1,6,9,6,0
MyCryptoBank,1,1,5,18,8,0
Grailum Lab,0,1,1,11,2,0
Petchains,0,1,5,8,6,0
Paradise Token,0,1,5,7,8,0
Game Fanz,0,1,1,10,7,0
Konkrete,1,0,5,17,3,0
KlickZie,0,1,5,8,5,0
TradePlace,0,1,2,11,8,0
Ares Tech,0,1,1,5,6,0
HubrisOne,0,1,4,10,8,0
PerksCoin,0,1,3,6,6,0
Sentivate,0,1,6,14,7,0
Bitcoin Confidential,0,0,0,4,6,1
Dragonglass,0,1,2,4,10,0
THORChain,0,1,4,9,7,0
Griffex,0,1,7,13,6,0
Accumulus Threat Shield,0,1,5,6,7,0
EARNET,1,1,4,16,6,0
MobileGo,1,1,6,21,10,0
HotelLoad,0,1,3,5,4,0
DNN,0,1,2,6,7,0
Playgroundz,0,1,4,11,8,0
BitSong,1,1,1,18,8,0
OmniBazaar,0,1,3,12,8,0
Inmax,0,1,3,7,8,0
Platon Finance,0,0,4,6,7,0
idap.io,2,1,1,19,8,0
Levolution,0,0,6,8,6,0
Bethereum,0,1,1,7,9,0
GAMB,0,1,3,9,5,0
Ice Chain,1,1,3,13,6,1
Pareto Network,0,1,4,15,11,0
Solarex,0,1,2,6,7,0
Spectrum,0,1,2,6,6,0
Faba,0,1,3,8,8,0
Indochain,0,1,3,9,8,0
Liquid (Raffle),1,1,3,20,5,0
VeganNation,0,1,1,11,5,0
Dsion,0,1,2,8,5,0
Tokenville,0,0,3,5,9,0
Gooreo,0,1,2,4,7,0
PopulStay,0,1,2,14,8,0
Uris,0,1,2,7,7,0
Havven,0,1,1,4,9,0
CryptoBonusMiles,0,1,1,5,10,0
Jarvis,0,1,4,6,5,0
Bancryp,1,1,1,17,5,0
MEDoctor,0,1,5,7,4,0
Cubego,0,0,2,9,7,0
Unification,0,1,4,7,6,0
Mind AI,0,1,5,12,7,0
Cures Token,0,1,7,5,5,0
Mobile Token Bank,0,1,2,6,5,0
GoDDEX,0,1,3,9,4,0
SpringRole,1,1,1,14,8,0
Securypto,0,1,2,7,7,1
Dolla,0,1,5,11,4,0
Tune Token,0,1,5,5,7,0
V SYSTEMS,0,1,3,9,5,390
OcNet,0,1,2,10,6,0
Orbise,0,0,5,7,6,0
Sonata.ai,0,1,4,7,7,0
Phoneum,0,1,6,13,7,0
C2C,0,1,3,11,5,0
BitCanna,0,1,6,10,7,0
Smart Trade Coin,0,1,3,6,6,0
Wellmee,1,1,8,19,8,0
Varius World Tech,0,1,5,8,5,0
ZenSports,0,1,4,7,5,0
Raido,0,1,4,9,6,0
Biton,0,1,3,6,6,0
Tokedo,1,1,2,8,4,0
UniFox,0,1,6,12,8,0
One Solution,0,1,2,6,6,0
PGF500,0,1,4,9,5,50
Datafund,0,1,4,13,4,0
Trippki,0,1,4,11,6,0
Murmur,0,0,1,4,5,0
Rewards,1,1,1,17,8,0
Namacoin,0,1,4,6,6,0
THE 4TH PILLAR,0,1,3,7,8,0
QUBAY,0,1,3,10,6,0
ALLIVE,0,1,4,6,5,0
Clear Foundation,0,0,7,8,6,0
TheFund.io,0,1,3,6,7,0
Qobit,0,1,7,13,7,0
GAMO Protocol,0,1,6,10,6,0
Bitozz,0,1,4,6,6,3
ND Invest,0,1,9,14,7,0
GG International,0,1,6,9,5,0
Tradesprite,0,0,5,10,7,0
VeryFile,0,1,4,6,4,0
TEMCO,2,1,2,18,6,0
Social Note,0,1,4,6,7,1
XRP by Huobi,0,0,0,6,0,0
X Infinity,0,1,1,5,6,0
FanChain,0,1,5,8,7,0
Fidelity House,0,1,3,7,7,0
Bitcademy,0,1,6,12,8,1
FiiiCoin,0,1,6,9,6,0
Platin,0,1,4,5,6,0
HintChain,0,1,3,6,6,0
London Block Exchange,0,1,3,7,6,240
Phoenix,0,1,4,6,7,0
Athero,0,1,5,6,6,0
Lition,0,1,4,6,7,0
SciDex,1,1,4,7,7,10
Betform,0,1,3,4,8,0
Yanu,0,1,3,6,8,0
Little Phil,1,1,7,13,9,-300
Monoreto,0,1,2,10,8,0
FEEDOCK,0,1,5,9,6,0
HARA,1,1,3,12,7,7
Vreo,0,1,4,7,5,1
HiLynk,0,1,4,7,7,230
Depository Network,2,1,3,29,4,0
Platio,0,1,6,9,8,-20
DX.Exchange,0,0,4,12,5,-35
BCoin,0,1,9,14,8,0
Skrumble Network,1,1,3,6,6,0
EtherInc,1,1,3,23,9,0
MyOS,0,0,4,14,5,0
EurekaPro,0,0,5,9,5,0
Consensus,0,1,4,6,7,0
Stox,0,1,2,7,10,0
Mycro Jobs,0,1,6,10,7,0
Instant Sponsor,0,1,5,6,6,0
GoFind.World,0,1,2,4,5,0
MinedBlock,1,1,4,16,5,0
Crypt-ON,0,1,4,9,9,0
CoinJax,0,0,4,8,4,1
LEXIT,1,1,5,12,6,0
AIVON,0,1,4,7,6,320
Archetypal Network,0,1,3,8,7,0
B21,0,1,1,5,7,0
Open Packaging Network,0,1,7,17,7,0
Bistox Exchange,0,0,3,5,6,0
FortKnoxster,1,1,2,14,8,0
Connecty,1,1,6,23,7,0
Truwho,0,1,3,10,7,0
Hydro Protocol,0,1,4,5,4,0
Kidbizo,0,1,4,7,4,0
SIRIN LABS,0,1,4,12,9,0
Get Achieve,0,1,1,7,8,0
Bright Network,0,1,4,7,7,0
Sentinel,1,0,1,10,6,0
Certified Diamond Coin,0,1,4,8,8,0
idealcoin,0,1,3,7,6,0
GOZO,0,1,7,12,6,0
Smart Refinery Technologies,0,1,4,10,8,0
Javvy,0,1,3,6,4,10
STAYGE,0,1,4,8,7,0
Zulu Republic,0,0,1,5,5,19
Aelf,0,1,4,0,9,21
ETH Birds,0,0,1,5,6,1
weBloc,0,1,2,6,6,0
Superbloom,0,1,1,5,7,1
Rise,0,0,4,9,5,30
Bitsrent,0,1,5,7,5,1
Cryptocoin Insurance,0,1,4,7,5,0
Job.com,0,1,1,7,7,0
Bionic,0,1,0,4,7,1
Renaissance Engineering,0,1,3,6,6,0
Cubiex,1,1,5,19,6,0
Qredit,0,1,3,5,5,0
DigitalBits,0,0,6,6,5,1
IUNO,0,1,3,6,8,280
eMusic,0,1,2,6,7,0
Restart Energy,0,1,1,5,10,0
Infinitus,0,1,2,7,6,0
Lampix,0,1,0,4,9,0
Magnetics,0,1,1,4,5,0
AORA,0,1,7,11,7,0
Sportsfix,1,0,5,14,4,0
Qlear Protocol,0,1,4,6,5,0
MorLabs,0,1,4,7,5,600
WooshCoin,0,1,5,9,5,0
Coinbates,0,1,1,6,4,0
ONO,1,1,1,7,6,0
Triphop,0,1,4,7,4,80
Neironix,0,1,1,4,7,0
PowerChain,0,1,3,5,6,0
Xenia,0,1,4,9,4,0
Your Data Safe,0,1,7,9,8,0
Pigzbe,1,1,4,7,7,0
Balehu Protocol,0,1,6,13,5,0
Storiqa,0,1,2,6,10,0
Centaure,2,1,3,12,8,0
Loopring,0,0,0,14,7,3
AI Crypto,1,1,4,16,6,0
SPIN Protocol,0,0,3,7,5,5
Social Media Pay,0,1,4,6,6,0
ABBC foundation,0,1,2,6,7,0
REDi,0,1,3,7,6,20
LogisticsX,0,1,3,7,5,0
FasTrader,0,1,4,6,5,0
TokenBacon,0,1,2,5,8,0
SUAPP,0,1,8,12,8,0
DISTRICTS,1,0,2,12,7,0
ECTA,0,1,4,9,8,0
Silent Notary,1,1,1,11,8,0
Centive,0,1,2,6,9,0
PingPaid,0,1,2,6,6,3
Becent,0,1,1,7,5,0
XTribe,0,1,4,7,4,200
INLOCK,0,1,6,8,8,0
Krypti,0,1,4,8,5,0
ASOBI COIN,1,1,5,18,6,0
Borneo,0,1,5,9,8,0
Nerves Foundation,0,1,3,5,7,0
Tatau,0,1,4,12,3,0
Aenco,0,1,2,5,9,0
CyberVein,1,1,6,19,8,5
Karatcoin,0,1,5,7,7,0
ArtPro,0,1,4,6,8,0
Penchant,0,1,5,8,4,0
Parkade,0,1,8,12,6,0
NonZero,0,1,8,10,8,3
Cardonio,0,1,4,10,5,10
Sansox,1,1,4,11,6,80
Swachhcoin,1,1,5,18,8,30
Shopin,0,1,5,10,7,260
Blockkonnect,0,1,3,6,8,0
dClinic,0,1,3,6,7,90
X-Cash,0,0,2,10,8,0
Vibeo,0,1,2,3,7,0
Masternode Invest,0,1,4,7,7,0
Topex,0,1,4,6,7,0
Berminal,0,1,2,4,4,100
Expanse,0,0,0,5,9,0
Osmium Investment Coin,1,1,4,15,8,0
AURA,0,1,3,6,4,0
WMpro,0,1,2,6,8,0
Securix,0,1,3,5,8,0
UDAP,0,1,3,5,6,0
Olife,0,1,3,7,4,0
Curaizon,0,1,5,9,6,70
ODIN,0,1,3,5,5,215
RedCab,0,1,4,7,8,0
Contents Protocol,0,1,4,7,5,6
Beverage Cash,0,1,6,10,5,1
XMax,0,1,6,7,7,4
Scienceroot,0,1,1,3,8,0
Spheroid Universe,0,1,4,9,5,0
X-Block,0,1,8,6,8,0
Buying,0,1,4,7,7,0
One Game,1,1,1,10,8,0
WOM Token,0,0,5,9,7,0
Caspian,0,1,4,11,5,0
iLink2Music,0,1,4,8,5,0
Natmin Pure Escrow,0,1,6,13,6,0
Kineticex,0,1,6,10,8,0
Zwoop,0,1,3,5,6,0
INDX Capital,0,1,2,6,6,0
PayX,0,1,3,9,6,100
Skynet,0,1,5,8,5,0
LoveBlock,1,0,3,12,5,0
TTC PROTOCOL,1,1,2,12,6,0
Bithereum,0,1,6,9,7,0
MOAC,0,1,5,6,6,0
Bitfam,0,1,4,8,7,0
Republia,0,1,5,12,9,0
FUNKEYpay,0,1,2,6,5,0
Papusha,0,1,5,9,7,0
iTrue,0,1,6,7,7,0
Beam,0,1,3,6,6,100
KiMex,0,1,6,10,7,0
Twogap,0,1,4,10,8,-300
LATTICE80,0,0,5,6,5,0
Florafic,0,1,4,6,5,0
BitMart,0,1,2,5,7,0
Efforce,0,1,3,9,8,0
Spiking,1,1,5,13,9,0
Bidooh,0,1,3,7,6,0
imusify,0,1,5,13,9,180
ICOVO,0,1,4,10,9,0
Cloudbric,0,1,4,8,7,0
Tachain,0,1,5,9,6,4
WorkChain,0,1,5,11,8,0
BrokerNekoNetwork,0,1,4,9,4,0
SUBAJ,0,1,2,5,7,0
Scanetchain,0,1,4,7,6,0
Payperblock,1,1,3,11,5,0
Greenlink,0,1,7,15,5,0
55 Exchange,0,1,4,7,4,0
Finnoq,0,1,5,10,5,0
DateMe,0,1,1,4,5,0
Helios Protocol,1,1,2,13,5,0
Gravity GZRO,0,0,2,6,5,0
Gosama,0,1,4,8,6,0
LaneAxis,1,1,3,10,8,0
CRYPTTO,0,1,1,12,8,0
Sleecoin,0,1,1,5,5,0
NAU,0,1,1,5,7,0
TrigID,1,1,5,20,7,0
VeChain,0,1,1,5,10,81
Avatara,0,1,4,8,7,0
ODYSSEY,1,1,1,11,8,0
Rate3,0,1,2,8,11,0
Bouncy Coin,0,1,4,10,6,0
AgentMile,2,1,3,23,7,0
Hirefreehands,0,1,4,7,6,0
Denarii Cash,0,1,4,13,7,0
WebDollar,0,1,3,7,7,0
WeBuy,0,1,4,10,7,2
MECA Coin,0,1,1,5,5,0
ABELE GROUP,0,1,3,7,7,0
AGATE,0,1,3,6,8,0
Kronos Token,0,1,6,11,6,0
Wandx,0,1,3,8,6,0
Envoy,0,0,6,12,6,0
iRide,0,1,4,8,6,0
Synthetics AI,0,1,3,9,4,0
Symphony,0,1,6,11,7,0
Margin,0,1,3,6,5,0
GSC Aviation,0,1,1,9,7,0
Share Internet Data,0,1,4,10,8,0
MetaHash,0,1,2,6,8,0
HyperQuant,0,1,2,6,6,0
Kheper,0,1,3,11,4,0
Opporty,0,1,1,7,7,0
Blackbox Foundation,0,1,3,6,9,250
MedChain,0,1,5,7,6,0
VIDDO,0,1,3,6,5,0
GreenHashes,0,1,4,6,4,-1500
Pearl Pay,1,1,3,12,5,0
High Performance Blockchain,0,1,5,7,8,0
Conference Coin,0,1,4,5,5,0
YondoCoin,0,1,4,5,7,0
Kvantor,1,1,4,11,6,0
Jupiter Chain,0,1,4,7,7,0
ZeroState,1,1,1,4,8,0
MapCoin,0,1,2,4,4,0
EyeGlob.Net,0,1,8,9,7,0
Crypviser,0,1,2,6,8,0
MARAChain,1,1,3,13,8,0
NextPakk,1,1,6,19,7,200
Distributed Blocks,0,1,2,5,4,0
Fieldcoin,0,1,6,10,5,-200
VEIAG,0,1,4,8,5,-450
LockTrip,0,0,5,15,9,0
ZINC,0,1,4,9,5,0
Spl.yt,0,1,5,9,7,0
SilkChain,0,1,2,5,8,0
unitalent,0,1,2,7,7,0
CareerChain,0,1,5,8,4,0
CraftR,0,1,2,6,5,0
Thingschain,0,1,3,5,6,0
Hashgard,0,1,1,4,6,50
Daviescoin,0,1,5,6,5,70
Contractium,0,1,2,0,4,0
MOBU,0,1,3,8,7,0
Philanthor,0,1,2,8,7,0
Medipedia,0,1,3,7,7,0
TLPAC,0,1,2,5,5,0
Sports Ledger,0,1,5,16,6,100
Real Estate Doc,0,1,4,7,5,0
CAREONchain,0,1,5,12,7,0
Project H,0,0,1,5,2,0
DREAM & INDORSE,0,0,2,5,5,0
BuratinoBS,0,1,6,10,5,0
OpenBrix,0,1,4,7,6,0
VU Token,0,0,3,7,9,40
BolieCoin,0,0,6,7,6,0
CampusCoin,0,0,3,10,9,0
RIPAEX,0,0,2,5,7,0
BlockVest,0,1,5,9,4,0
NeoPlace,0,0,6,5,5,0
INTRO,0,1,4,7,8,0
GStar Ecosystem,0,0,2,6,6,0
Everipedia,0,0,0,16,6,0
ZeroBank,0,1,4,7,6,0
Vidy,0,1,4,13,6,0
Attrace,0,0,2,5,6,0
SVPER,0,0,5,5,6,0
RockerCoin,0,0,3,8,4,0
Rays Network,0,0,2,6,6,0
Tokenize,0,0,5,8,5,6
Dream Real,0,1,5,10,5,0
Asian Develop Coin,0,0,4,6,9,0
AIRSTAYZ,0,0,2,5,6,0
YINC,0,0,5,13,7,0
BLOXIA,0,1,3,6,5,70
Color,0,0,6,12,5,0
Watermelonblock,0,0,3,3,8,0
Hurtle Coin,0,0,3,5,3,0
BIGBANG,0,0,7,7,7,0
Starflow,0,1,5,7,6,0
MYTC,0,0,1,3,7,0
Aniko,0,0,3,12,5,0
W Green Pay,0,0,2,5,6,0
GUARIUM,0,0,4,7,7,0
Prime Shipping Foundation,0,1,5,11,5,10
Propy,0,1,2,6,10,0
Easy Trading Platform,0,0,0,0,0,0
DNeT,0,1,2,10,4,6
Meritt protocol,0,0,0,8,5,0
STAR BIT,0,0,4,13,5,0
MulTra,0,0,3,4,8,0
Expercoin,0,1,2,6,7,0
Kava,0,0,4,9,5,0
Bytemine,0,1,2,6,6,0
UNICO,0,1,3,14,5,0
Diro,0,1,5,8,7,0
Gratzio,0,1,5,15,7,0
Bixtrim,0,1,2,4,7,0
Inmediate,0,1,5,7,6,0
JSEcoin,0,1,5,11,8,-30
MediLOT,0,1,2,7,7,0
PCHAIN,0,0,3,8,7,0
HELIX Orange,0,1,4,4,6,0
Shipit,0,1,4,7,7,140
Miracle Tele,1,0,6,27,5,200
Runs,0,1,4,7,6,0
IGNITE,0,1,2,6,4,0
eLYQD,0,1,4,6,7,0
Bailsman,0,1,3,7,7,0
Lambda,0,1,1,5,4,0
Rubius,0,1,4,7,5,0
Svandis,0,1,3,4,6,0
AllSporter,0,0,4,9,6,0
Playrs,0,1,6,7,6,40
CoinAnalyst,0,1,1,6,7,5
Spokkz,0,1,1,5,7,0
Zantepay,0,1,7,10,7,0
Cure Cosplay,0,1,2,7,6,0
WAB Network,0,1,3,5,7,0
Liquid8,0,1,3,8,5,0
Fanship,0,1,3,11,6,0
Inmusik,0,1,6,10,8,0
CrowdToken,0,1,1,6,6,0
OSA,0,1,2,10,7,0
moolyacoin,0,1,3,6,9,160
Hyperbridge,0,1,3,6,7,150
TombCare,0,1,1,5,7,0
Tuurnt,0,1,3,5,6,0
Usechain,0,1,3,10,8,76
Storeplex,0,1,4,0,5,0
ParcelX,0,1,6,12,6,0
APRES,0,1,3,5,6,0
Blockhive,0,0,2,7,7,0
Creatanium,0,1,2,5,4,0
TradeRiser,0,1,4,13,6,0
RedCab,0,1,6,10,9,0
Monopoly,0,1,2,7,8,0
Sharevest,0,1,4,7,4,0
Explorio,0,1,3,5,6,0
EPIPHANY,0,1,2,6,8,0
BUMO,0,0,2,11,6,0
Barrel,0,1,4,10,4,0
CryptoMillionsLotto,0,1,4,6,6,0
ImmVRse,0,1,3,6,7,100
Atidium,0,1,0,0,5,0
DTO,0,1,1,7,8,0
Provoco,0,1,1,9,6,0
TraXion,0,1,1,6,7,0
BitEsprit,0,1,7,12,6,0
HEROIC.com,0,1,6,13,8,0
Dench Music,0,1,3,5,7,0
Versara Trade,0,1,4,6,7,0
MiBoodle,0,1,3,0,7,0
HelloGold,0,0,3,5,9,170
ODMCoin,0,1,2,7,7,0
Waves,0,1,4,15,11,0
MEvU,0,1,3,6,6,0
Casper API,0,1,4,6,8,0
WAR FIELD,0,1,4,0,6,2
Leonardian,0,1,1,6,5,0
Cornucopia,0,1,0,0,3,0
Tutellus,0,1,3,6,8,50
Corl,0,1,3,5,6,0
Prandex,0,0,3,8,6,0
Dizcovery Network,0,1,1,5,5,0
BlockFollow,0,1,4,8,6,0
Grapevine World,0,1,4,7,7,0
Blockonomics,0,1,2,4,7,0
Nauticus,0,1,7,10,8,0
Further Network,0,1,4,10,8,0
Breezecoin,0,1,4,10,9,0
RAcoin,0,1,2,7,6,0
TRESARO,0,1,4,8,8,0
Wemark,0,1,3,10,8,0
Setteo,0,1,2,7,6,0
ERN,0,1,3,12,5,0
Terawatt,0,1,2,5,8,0
CryptovationX,0,1,4,6,6,0
Feedchain,0,1,7,10,7,0
Basis Neuro,0,1,5,0,5,0
Staramba,0,1,2,6,6,0
re:factor,0,1,4,5,8,0
GreenX,0,1,3,7,7,0
FTW,0,1,2,6,5,0
Atlantis Blue,0,1,3,5,5,0
Parkres,0,1,4,8,7,0
LendsBay,0,1,5,11,6,0
0xcert,0,1,3,8,8,0
Humanscape,0,1,5,12,7,4
CrowdIF,0,1,1,9,4,1
VideoCoin,0,1,2,5,6,0
Nebula,0,1,1,0,4,0
NeoNameService,0,1,0,0,5,0
Sparkster,0,1,1,0,7,0
Buddy,1,1,2,6,6,0
CrypStock,0,1,1,4,6,0
Luvdub,0,1,5,4,8,0
Aworker,0,1,4,8,6,0
QLC Chain,0,1,1,5,10,0
Sponsy,0,1,3,7,7,130
Menlo One,0,1,3,6,7,0
WeSend,0,1,3,7,6,0
InsCoin,0,1,5,12,6,0
ExTrade,0,1,1,0,6,0
MUXE,0,1,4,8,7,0
Lina,0,1,3,4,6,0
Zoidcoin,0,1,3,7,4,0
Origin Sport,0,1,5,6,7,0
No BS Crypto,0,0,4,10,5,0
Cosmecoin,0,1,5,25,7,3
Railz,0,1,4,7,7,0
ContentBox,0,1,1,9,4,20
rLoop,0,0,4,6,6,0
Bitney,0,1,3,5,6,0
APIS,0,1,2,13,7,30
XMED Chain,0,1,3,5,5,30
IndiCoin,0,1,5,15,9,0
Nobar,0,1,3,0,5,0
Coinself,0,1,5,9,7,0
MAKEAFOLIO,0,1,4,7,5,0
Iris.ai,0,1,2,5,4,0
Deedcoin,0,1,2,0,7,0
DAV,0,1,2,5,8,0
Find.Exchange,0,1,6,13,7,0
INGOT Coin,0,1,4,7,7,0
Profede,0,1,3,7,8,460
Box 2 Table,0,1,1,6,5,0
GlobeCas,0,1,2,5,6,0
GOeureka,0,1,4,0,4,0
Xeeda,0,1,2,0,5,0
RecordsKeeper,0,1,4,6,6,0
DATAVLT,0,1,4,7,6,0
Jibbit,0,1,2,0,8,0
Loyakk,0,1,2,7,8,0
AVINOC,0,1,1,4,3,0
TokenUnion,0,1,3,8,5,0
Root Blockchain,0,1,3,6,8,0
Ormeus Coin,0,1,2,0,7,0
CryptoRiya,0,1,2,4,7,0
Mjolnir Guard,0,1,3,11,5,0
Daox,0,1,4,0,8,0
PavoCoin,0,1,2,0,6,0
Brainmab,0,1,2,0,4,0
Viewo,0,1,3,0,1,0
FanFare,0,1,3,7,6,0
Crystals,0,1,2,0,6,0
XGenomics,0,1,1,0,5,0
Gese,0,1,5,13,8,0
ASKfm 2.0,0,1,1,0,6,0
B2BX,0,1,2,5,7,0
Lamoneda,0,1,3,6,5,0
Accounting Blockchain,0,1,3,4,6,0
Energi Token,0,1,1,5,7,0
Nebeus,0,1,2,5,5,100
iRegMed,0,1,2,5,4,0
Paygine,0,1,2,0,5,0
Ivy,0,1,1,0,5,0
Binex.Trade,0,1,1,5,6,0
Selfie GO,0,1,4,5,7,0
Clash & GO,0,1,4,5,7,0
Miner Edge,0,1,4,8,7,0
Keplertek,0,1,4,11,6,5
Ink,0,0,2,0,9,0
Kimera,0,1,5,8,6,0
Prime Ball,0,0,4,4,4,2
Aitheon,0,1,3,8,7,5
TaTaTu,0,1,4,8,5,0
SupPorter,0,1,4,8,6,0
Neodium Network,0,1,2,0,4,0
Acudeen,0,1,4,0,7,0
EasyLoot,0,0,2,0,8,0
VIMANA,0,0,2,5,5,60
DeNet,0,1,2,5,7,-50
Goldma,0,1,5,8,7,0
Ommer,0,1,4,7,7,0
Viva Network,0,1,4,13,8,0
LeadRex,0,1,2,0,6,0
PO8,0,1,4,0,7,0
SmartMesh,0,1,1,6,9,90
ATN,0,1,3,6,6,0
Luna,0,1,3,7,8,-40
Fenix,0,1,4,8,6,0
SuccessLife,0,1,2,4,7,0
Planport,0,1,3,0,3,0
DateCoin,0,1,2,5,7,80
ArchiCoin,0,1,5,8,7,0
CryptoHIT,0,1,4,10,8,0
JioJioMe,0,1,2,6,4,0
Genexi,0,1,2,6,8,0
mCoin,0,1,4,7,6,0
CONDA,0,1,6,8,8,0
Koumei,0,1,2,0,5,0
HODLit Network,0,1,3,0,4,20
SKYFchain,0,1,2,5,7,0
Coinyspace,0,1,5,7,5,0
Fructus,0,1,1,0,5,0
Horizon,0,1,1,0,5,0
KanadeCoin,0,0,2,0,5,0
Xriba,0,0,3,7,5,0
TowerBee,0,1,2,6,6,0
MST,0,1,2,0,6,0
ETHERC,0,0,3,7,6,0
Elepig,0,1,3,7,4,0
DINO,0,1,2,4,7,1
LaborCrypto,0,1,2,0,6,0
MD Tokens,0,1,2,0,7,-170
BitImage,0,1,1,0,7,0
Byteball,0,1,1,0,9,3
GrabAMeal,0,1,5,0,7,0
GLEDOS,0,1,2,5,7,0
CarLive Chain,0,0,1,5,7,0
WONO,0,1,3,6,7,0
SelfSell,0,1,3,14,7,0
Acute Coin,0,1,2,8,7,0
CryptoFlix,0,1,2,6,8,0
HubToken,0,1,1,5,5,0
ICO Pass,0,1,1,5,8,0
Amicorum Live,0,1,2,0,7,0
Global REIT,0,1,2,5,8,0
WizeBit,0,1,6,8,7,0
Zichain,0,1,3,5,7,0
Tradingene,0,1,2,6,7,0
OkeyDokey,0,1,2,5,7,0
Birdchain,0,1,4,7,8,2
FreelancerCoin,0,0,1,0,5,0
Blue Whale,0,1,2,5,6,5
GoldMint,0,1,2,5,9,0
EvolutionOS,0,1,0,0,6,0
Linfinity,0,1,2,0,4,0
Cortex,0,1,3,0,8,110
Crowd for Angels,0,1,3,11,4,20
Iconiq Lab,0,1,4,8,8,0
Arousal,0,1,2,0,3,0
CGCX,0,1,3,0,6,0
WULET,0,1,6,11,5,0
Elysian,0,1,2,4,9,0
Coinet,0,1,4,8,5,0
Lancer Network,0,1,4,6,5,0
Safe Haven,0,1,2,5,8,20
ARAW Token,0,1,4,0,8,0
DirectHome,0,1,3,10,8,0
Buzcoin,0,1,3,6,7,0
DICEGAME,0,1,4,5,6,0
BeepBeep Nation,0,1,2,7,4,0
ABCC Exchange,0,0,2,7,6,0
Deconet,0,1,6,7,8,0
DataBlockchain,0,1,2,5,6,0
CarBlock,0,1,3,0,7,0
Bulleon,0,1,4,8,8,0
CoinCrowd,0,1,4,6,6,0
RankingBall,0,1,5,14,7,0
Bubbletone,0,1,2,6,7,0
MPCX,1,1,4,12,7,0
BlockStorage,0,1,1,4,7,0
XcelToken Plus,0,1,4,0,7,0
XCHNG,0,1,3,0,6,0
TrustLogics,0,1,3,5,6,0
BitRent,0,1,4,7,9,0
Free Market Token,0,1,4,6,5,0
StarChain,0,1,2,7,5,0
ABitchain,0,0,1,0,4,0
Check-Car,0,1,1,0,7,0
AI Gaming,0,1,3,5,6,0
AbacasXchange,0,1,4,5,8,0
Ether joy,0,0,3,7,5,0
Blockport,0,1,3,5,8,20
ConcertVR,0,1,4,7,6,0
BitMinutes,0,1,2,5,6,80
BFEX,0,1,2,4,9,0
webRunes,0,1,4,9,6,0
Invest in Brokers,0,1,4,9,7,0
ApolloChain,0,1,3,0,6,0
uRunIt,0,1,4,7,6,0
AllStocks,0,1,1,4,7,0
CFun,0,1,2,7,6,0
Coin Governance System,0,1,4,6,5,-200
Cryde,0,1,2,5,5,0
Belotto,0,1,6,0,8,0
Terra Virtua,0,1,4,7,7,0
Olympus Labs,0,1,3,5,9,0
Proton,0,1,1,5,5,0
Touch. Social Network,0,1,2,0,5,0
Zeex,0,1,3,0,7,80
AutoBay,0,1,4,7,7,0
CargoChain,0,1,5,8,4,0
4NEW,0,1,1,0,8,10
Moveco,0,1,6,7,7,0
GladAge,0,1,3,6,8,0
Indorse,0,1,2,0,5,0
Unboxed,0,1,4,10,5,0
MetaMorph,0,1,4,6,8,0
Delicia,0,1,2,11,7,0
0Chain,1,1,3,11,12,0
Esports Chain,0,1,1,5,5,0
Smart Trip Platform,0,1,6,12,6,0
TrustNote,0,1,1,6,3,80
Parsec Frontiers,0,1,2,6,8,0
Mine Coin,0,1,2,5,5,0
BITRUST,0,1,0,5,6,0
DeepToken,0,1,4,6,7,0
Workcoin,0,1,2,0,7,0
McFly,0,1,3,6,7,0
CoinMetro,0,1,3,7,8,0
Kryptono Exchange,0,1,2,5,5,0
dApp Builder,0,1,3,6,6,20
PreVUE,0,1,4,8,5,0
EthicHub Twitter,0,1,2,7,7,80
Urbit,0,1,3,0,7,0
Boosto,0,1,2,0,2,0
Assettoken,0,1,2,0,4,-70
Anything App,0,1,0,6,7,0
Pointium,0,1,2,0,5,0
BIOK,0,1,5,6,4,0
BITMILLEX,0,1,3,5,6,0
Bidipass,0,1,2,7,5,0
Sentinel Protocol,0,1,1,0,6,0
MoneyToken,0,1,5,4,8,0
Bitsum,0,1,1,6,10,0
Endorsit,0,1,2,6,3,0
SDChain,0,1,1,0,4,0
Mingo,0,1,5,9,8,20
LibertyLance,0,1,1,7,8,0
Block Broker,0,1,4,6,6,0
Hyperion,0,1,2,4,3,0
Golden Currency,0,1,4,0,8,0
DigiPulse,0,1,1,5,8,140
EXCHAIN,0,1,4,6,5,0
Spindle,0,1,6,3,6,0
SEDA,0,1,3,5,4,0
ViValid,0,1,4,5,5,0
MBYS,0,1,3,0,8,0
Xenchain,0,1,2,3,5,0
Kakushin,0,1,2,0,6,0
EVO,0,1,1,0,4,0
Strykz,0,1,1,0,5,35
KELTA,0,1,3,7,6,0
RAWG,0,1,2,0,6,2
AICT,0,1,1,5,5,0
Meshbox,0,1,1,0,5,0
eosDAC,0,0,0,0,7,13
EatMeCoin,0,1,4,0,4,0
Superset,0,1,1,3,5,0
Coinpaws,0,1,2,7,3,0
Trident Group,0,0,3,7,5,55
Prontapay,0,1,4,6,8,0
Akaiito,0,1,4,0,5,0
SmartO,0,1,4,0,8,0
ENTRY,0,1,1,9,9,5
Digitize,0,1,2,6,8,30
VinChain,0,1,4,6,7,0
Bit.Game,0,1,1,5,6,-19
Pecunio,0,1,3,7,7,0
LabStart,0,1,4,0,7,0
Vexanium,0,1,2,4,5,0
QRYPTOS Exchange,0,1,2,6,9,0
THEKEY,0,1,1,5,10,60
EchoLink,0,1,2,7,7,0
EthicHub,0,1,2,6,7,100
Marginless,0,1,5,13,8,0
ABLE,0,1,4,8,8,5
Cosmochain,0,1,1,0,5,0
ChronoBank,0,1,2,0,8,94
BitRewards,0,1,3,6,8,90
Vanig,0,1,5,0,9,0
London Football Exchange,0,1,2,6,4,0
LemoChain,0,1,2,9,7,0
SurruS,0,1,6,7,7,0
CPROP,0,1,1,3,4,0
Bundle,0,1,3,0,7,0
3DES,0,1,2,7,4,0
Contract Vault,0,0,2,4,5,0
Modex,0,1,2,0,5,1
Modorr,0,1,3,0,5,0
BitFence,0,1,2,3,4,0
MaxiMine,0,1,1,4,6,0
Biotron,0,1,2,5,7,0
Berith,0,1,3,11,6,0
Moneda,0,1,2,0,4,0
CyteCoin,0,1,5,6,5,0
BitLumens,0,1,5,6,8,0
Union,0,1,2,0,5,0
BHOM,0,1,4,5,5,0
Potentiam,0,1,3,0,7,0
Emrify,0,1,3,3,9,0
Hai Project,0,1,4,0,5,0
LangNet,0,0,2,16,7,1
Ambr,0,1,1,5,4,0
Snovio,0,0,2,0,9,0
Alvalor,0,1,0,0,5,20
Triggmine,0,0,1,0,7,0
Thorium,0,1,2,0,2,0
Sport X,0,0,1,5,3,0
MOS,0,1,4,4,5,0
VRT World,0,1,2,6,8,0
Game Loot Network,0,1,4,5,6,0
MyDFS,0,1,1,0,5,0
Semux,0,0,0,0,5,14
Storweey,0,1,4,0,4,0
NWP Solution,0,1,4,3,5,0
Kinguin,0,1,2,4,6,80
Goldiam,0,1,5,5,7,50
First Trading Ecosystem,0,1,3,0,8,0
Cybereits,0,0,3,5,3,50
Blocknubie,0,1,2,0,6,0
HOLD,0,1,3,0,4,1
BCharity,0,1,5,5,8,0
ALAX,0,1,2,6,7,25
Blockchain Hotels 2.0,0,1,4,0,6,0
Crypto Angel,0,1,2,0,6,0
Flashmoni,0,1,3,5,7,15
BLACKFOL.IO,0,1,4,3,7,20
Disciplina,0,1,3,0,8,0
Birake,0,1,1,0,5,0
ExtraCredit,0,0,4,0,6,0
HowDoo,0,1,2,4,7,0
SANCOJ,0,1,6,6,5,0
Smart Unit,0,1,1,0,4,0
Papyrus,0,1,2,0,6,100
WeiCrowd,0,1,4,6,7,0
Talao,0,1,2,4,8,0
Etheal,0,1,4,0,7,20
StasyQ,0,1,3,0,7,0
BTU Protocol,0,1,2,4,6,0
Pantos by Bitpanda,0,1,1,6,6,15
Safein,0,1,5,9,5,20
Eniac Network,0,1,4,6,5,-100
Fox Trading,0,1,1,5,7,0
Decibels,0,1,3,4,6,0
MF Chain,0,1,5,5,5,0
Cryptelo,0,1,4,7,6,0
Cartel,0,1,2,6,5,0
Bob’s Repair,0,1,3,7,7,25
Measurable Data Token,0,1,2,0,10,30
Blok,0,1,4,0,8,10
AdSigma,0,1,3,5,8,0
PayVX,0,1,3,0,5,0
Instant Assets Tokens,0,1,2,4,3,2
Algebraix,0,1,3,4,8,0
Chimaera,0,1,3,0,7,0
Essentia,0,1,5,0,6,15
Pibble,0,1,6,0,7,0
eCharge,0,1,1,7,7,0
Flux,0,1,2,0,8,30
LAPO,0,1,1,4,6,0
VeriME,0,1,1,0,7,0
Crestonium,0,1,3,0,7,0
OS University,0,1,2,0,8,0
Friend Unifying Platform,0,1,1,0,8,0
Photochain,0,1,1,0,7,0
Aeternum,0,1,3,0,5,0
Xmoneta,0,1,3,0,6,0
Aphelion,0,1,4,0,6,0
Koios,0,1,2,0,5,0
Blockshipping,0,1,2,0,7,8
AIDA Service,0,1,3,0,8,9
Trifid,0,1,0,0,4,0
DarcMatter,0,1,4,0,7,11
Signals,0,1,4,0,6,23
Oyster Shell,0,1,0,0,5,6
CashBag,0,1,0,0,6,0
Viola,0,1,1,0,8,7
Cappasity,0,1,0,0,10,20
PHI,0,1,1,0,4,0
Biograffi,0,0,0,0,3,0
Gluon,0,1,2,0,6,1
Fishcoin,0,1,1,0,4,0
BZLcoin,0,1,1,0,5,0
A2B Taxi,0,1,2,0,7,0
Monanex,0,1,1,0,3,0
Gladius,0,1,2,0,8,16
Elementh,0,1,2,0,8,23
Callisto,0,0,0,2,0,5
CIBUS,0,1,4,0,7,0
ConnectJob,0,1,3,0,6,0
BitNautic,0,1,1,0,7,8
WOTER,0,1,1,0,4,0
Ethearnal,0,1,1,0,8,23
Bitcore,0,0,0,0,6,29
Flashblock,0,0,0,0,0,0
Atomic,0,0,0,0,0,0
ZillowBlockchain,0,0,0,0,0,0
Golem Official bot,0,0,0,0,0,0
Cube Community,0,0,0,0,0,0
Quant Airdrop bot,0,0,0,0,0,0
Hydro Airdrop,0,0,0,0,0,0
RChain,0,0,0,0,0,0
GINcoin,0,0,0,0,0,0
EOS,0,0,0,0,0,0
DigixGlobal,0,0,0,0,0,0
Radium,0,0,0,0,0,0
TUBIG,0,0,0,0,0,0
Falcon Project,0,0,0,0,0,0
GP Pharm,0,0,0,0,0,0
Pheonex Blocks,0,0,0,0,0,0
Mining 24,0,0,0,0,0,0
P2P Solutions Foundation,0,0,0,0,0,0
CryptoTed,0,0,0,0,0,0
Grove Token,0,0,0,0,0,0
Nintendo Metaverse,0,0,0,0,0,0
Engines of Fury,0,0,0,0,0,0
Budverse,0,0,0,0,0,0
Twitch Metaverse,0,0,0,0,0,0
Christies Metaverse,0,0,0,0,0,0
GameSpot Metaverse,0,0,0,0,0,0
Airbus Metaverse,0,0,0,0,0,0
Sakura Metaverse,0,0,0,0,0,0
Sony Metaverse,0,0,0,0,0,0
Victorinox Metaverse,0,0,0,0,0,0
DreamWorks Metaverse,0,0,0,0,0,0
Walt Disney Metaverse,0,0,0,0,0,0
Nickelodeon Metaverse,0,0,0,0,0,0
Supercell Metaverse,0,0,0,0,0,0
Hasbro Metaverse,0,0,0,0,0,0
Zaimella Metaverse,0,0,0,0,0,0
Coach Metaverse,0,0,0,0,0,0
OthersideMeta,0,0,0,0,0,0
Procter Gamble,0,0,0,0,0,0
Zuck Bucks,0,0,0,0,0,0
UNIVERSAL-PICTURES-META,0,0,0,0,0,0
Subway,0,0,0,0,0,0
Yuga Labs Pass,0,0,0,0,0,0
OthersideMeta,0,0,0,0,0,0
Tesla DAO,0,0,0,0,0,0
Possessed,0,0,0,0,0,0
Baby Caw,0,0,0,0,0,0
BAYC,0,0,0,0,0,0
Walt Disney Metaverse,0,0,0,0,0,0
Epic Games Metaverse,0,0,0,0,0,0
Marvel Metaverse,0,0,0,0,0,0
Epic Games Metaverse,0,0,0,0,0,0
Optimism,0,0,0,0,0,0
Element Black,0,0,0,0,0,0
Moonbirds,0,0,0,0,0,0
Moonbirds,0,0,0,0,0,0
MURAKAMI-FLOWERS,0,0,0,0,0,0
NFT DAO,0,0,0,0,0,0
Blockchain.com,0,0,0,0,0,0
Valve Software,0,0,0,0,0,0
Infinity Ward Metaverse,0,0,0,0,0,0
BANDAI Metaverse,0,0,0,0,0,0
PlayStation Metaverse,0,0,0,0,0,0
Tezuka Pro Metaverse,0,0,0,0,0,0
DreamWorks Metaverse,0,0,0,0,0,0
BEANZ-Metaverse,0,0,0,0,0,0
Green Metaverse Token,0,0,0,0,0,0
A Hunters Dream,0,0,0,0,0,0
World of Warcraft,0,0,0,0,0,0
Steve Jobs DAO,0,0,0,0,0,0
Lamborghini Metaverse,0,0,0,0,0,0
Zuck Bucks,0,0,0,0,0,0
Takashi Murakami,0,0,0,0,0,0
Starship Troopers,0,0,0,0,0,0
Resident Evil,0,0,0,0,0,0
Jam City Metaverse,0,0,0,0,0,0
Dolce Gabbana Metaverse,0,0,0,0,0,0
MetaverseDAO,0,0,0,0,0,0
Hasbro Metaverse,0,0,0,0,0,0
Loreal Paris Metaverse,0,0,0,0,0,0
Glu Mobile Metaverse,0,0,0,0,0,0
Sothebys Metaverse,0,0,0,0,0,0
Easter Metaverse,0,0,0,0,0,0
Constantin Metaverse,0,0,0,0,0,0
MetaverseDAO,0,0,0,0,0,0
Braindom Metaverse,0,0,0,0,0,0
Costco Metaverse,0,0,0,0,0,0
Lionsgate Metaverse,0,0,0,0,0,0
Pitch Black Metaverse,0,0,0,0,0,0
Elden Ring Metaverse,0,0,0,0,0,0
Christies Metaverse,0,0,0,0,0,0
Epic Games Metaverse,0,0,0,0,0,0
TOM FORD NFT | Metaverse,0,0,0,0,0,0
Mattel Metaverse,0,0,0,0,0,0
Estee Lauder Metaverse,0,0,0,0,0,0
Home Box Office Metaverse,0,0,0,0,0,0
LVMH Metaverse,0,0,0,0,0,0
Legendary Pictures Metaverse,0,0,0,0,0,0
EA Games Metaverse,0,0,0,0,0,0
2K Games Metaverse,0,0,0,0,0,0
Pixar Metaverse,0,0,0,0,0,0
Omega Metaverse,0,0,0,0,0,0
wow Metaverse,0,0,0,0,0,0
Twitter DAO,0,0,0,0,0,0
Metro-Goldwyn-Mayer Pictures,0,0,0,0,0,0
Peak Games Metaverse,0,0,0,0,0,0
Roblox Metaverse,0,0,0,0,0,0
Patek Philippe Metaverse,0,0,0,0,0,0
Columbia Pictures Metaverse,0,0,0,0,0,0
Line Metaverse,0,0,0,0,0,0
NBA Metaverse,0,0,0,0,0,0
The Matrix Metaverse,0,0,0,0,0,0
Paramount Pictures,0,0,0,0,0,0
It Takes Two,0,0,0,0,0,0
Uniswap Labs Ventures,0,0,0,0,0,0
Step.app,0,0,0,0,0,0
SmileGate Metaverse,0,0,0,0,0,0
Hilton Metaverse,0,0,0,0,0,0
Epic Games Metaverse,0,0,0,0,0,0
Viacom Metaverse,0,0,0,0,0,0
Zynga Metaverse,0,0,0,0,0,0
Warner Bros Pictures,0,0,0,0,0,0
Acropolis DAO,0,0,0,0,0,0
"Error: Could not transact with/call contract function, is contract deployed correctly and chain synced?",0,0,0,0,0,0
SEGA,0,0,0,0,0,0
Ubisoft Metaverse,0,0,0,0,0,0
Monolith Soft  Metaverse,0,0,0,0,0,0
Skylanders Metaverse,0,0,0,0,0,0
Musk Metaverse,0,0,0,0,0,0
Heineken Metaverse,0,0,0,0,0,0
Burberry Metaverse,0,0,0,0,0,0
Nike RTFKT Metaverse,0,0,0,0,0,0
DC Comics Metaverse,0,0,0,0,0,0
Universal Pictures Metaverse,0,0,0,0,0,0
NCsoft Metaverse,0,0,0,0,0,0
Atlus Metaverse,0,0,0,0,0,0
Zuck Bucks,0,0,0,0,0,0
CLONE X - X TAKASHI MURAKAMI,0,0,0,0,0,0
Bungie Metaverse,0,0,0,0,0,0
VictoriasSecret Metaverse,0,0,0,0,0,0
Niantic Metaverse,0,0,0,0,0,0
LEGO Metaverse,0,0,0,0,0,0
PlayStation Metaverse,0,0,0,0,0,0
Bvlgari Metaverse,0,0,0,0,0,0
Vivendi Metaverse,0,0,0,0,0,0
Epic Games Metaverse,0,0,0,0,0,0
Twitter Metaverse,0,0,0,0,0,0
Fortnite Metaverse,0,0,0,0,0,0
Givenchy Metaverse,0,0,0,0,0,0
GameStop Metaverse,0,0,0,0,0,0
Rovio Metaverse,0,0,0,0,0,0
Niantic Metaverse,0,0,0,0,0,0
Activision Metaverse,0,0,0,0,0,0
Richemont Metaverse,0,0,0,0,0,0
Axie Infinity Shard,0,0,0,0,0,0
KickToken,0,0,0,0,0,0
FF9.io,0,0,0,0,0,0
PRelay3rV1 ,0,0,0,0,0,0
SFAr.io,0,0,0,0,0,0
akSwap.io,0,0,0,0,0,0
Dsion,0,0,0,0,0,0
SupDao.com,0,0,0,0,0,0
BadgerDAO.io,0,0,0,0,0,0
esLAB.io,0,0,0,0,0,0
ABCHANGE.io,0,0,0,0,0,0
DyDex.io,0,0,0,0,0,0
akSwap.io,0,0,0,0,0,0
esLAB.io,0,0,0,0,0,0
akSwap.io,0,0,0,0,0,0
CharPunk.Com,0,0,0,0,0,0
WxFi.io,0,0,0,0,0,0
PunkETH.io,0,0,0,0,0,0
deApy.org,0,0,0,0,0,0
$Hello,0,0,0,0,0,0
Astronaut Doge,0,0,0,0,0,0
xRES.org,0,0,0,0,0,0
A68.net,0,0,0,0,0,0
Opes Protocol,0,0,0,0,0,0
xiaodaidai,0,0,0,0,0,0
Alpha Vault,0,0,0,0,0,0
Up1.org,0,0,0,0,0,0
CocaCola NFT,0,0,0,0,0,0
KyDy.org,0,0,0,0,0,0
uETH.io,0,0,0,0,0,0
RSwap.net,0,0,0,0,0,0
abSHIBA.com,0,0,0,0,0,0
abSHIBA.com,0,0,0,0,0,0
Pornhub DAO,0,0,0,0,0,0
Key7.net,0,0,0,0,0,0
Discord DAO,0,0,0,0,0,0
KHEX.net,0,0,0,0,0,0
YeSwap.net,0,0,0,0,0,0
NASDAQ DAO,0,0,0,0,0,0
TikTok DAO,0,0,0,0,0,0
NFT DAO,0,0,0,0,0,0
Telegram DAO,0,0,0,0,0,0
Walmart DAO,0,0,0,0,0,0
FACEBOOK DAO,0,0,0,0,0,0
Twitter Wallet,0,0,0,0,0,0
Porn DAO,0,0,0,0,0,0
Microsoft DAO,0,0,0,0,0,0
Walmart Dao,0,0,0,0,0,0
Signal DAO,0,0,0,0,0,0
AMAZON DAO,0,0,0,0,0,0
GOOGLE DAO,0,0,0,0,0,0
Paypal DAO,0,0,0,0,0,0
IreneDAO,0,0,0,0,0,0
NIKE DAO,0,0,0,0,0,0
WEB3.0 DAO,0,0,0,0,0,0
Coinbase DAO,0,0,0,0,0,0
MetaMask DAO,0,0,0,0,0,0
Adidas Originals Metaverse,0,0,0,0,0,0
Bored Ape Yacht Club,0,0,0,0,0,0
SHIBA DAO,0,0,0,0,0,0
Meebits,0,0,0,0,0,0
Open Source Software DAO,0,0,0,0,0,0
Big Green Dao,0,0,0,0,0,0
Matcha Dao,0,0,0,0,0,0
MEME DAO,0,0,0,0,0,0
Metaverse,0,0,0,0,0,0
McDonalds Metaverse,0,0,0,0,0,0
VISA Metaverse,0,0,0,0,0,0
Google Metaverse,0,0,0,0,0,0
Apple metaverse,0,0,0,0,0,0
Amazon Metaverse,0,0,0,0,0,0
ADIDAS Metaverse,0,0,0,0,0,0
OpenSea Ventures,0,0,0,0,0,0
Playboy Metaverse,0,0,0,0,0,0
Twitter Metaverse,0,0,0,0,0,0
Google Metaverse,0,0,0,0,0,0
Walmart Metaverse,0,0,0,0,0,0
Nvidia Metaverse,0,0,0,0,0,0
FACEBOOK Metaverse,0,0,0,0,0,0
JPMorgan Metaverse,0,0,0,0,0,0
Nym Mixnet,0,0,0,0,0,0
YouTube Metaverse,0,0,0,0,0,0
SuperBowl Metaverse,0,0,0,0,0,0
Adidas Metaverse,0,0,0,0,0,0
Nike RTFKT Studios,0,0,0,0,0,0
TikTok Metaverse,0,0,0,0,0,0
McDonalds Metaverse,0,0,0,0,0,0
Windows Metaverse,0,0,0,0,0,0
Disney Metaverse,0,0,0,0,0,0
Pornhub DAO,0,0,0,0,0,0
TESLA Metaverse,0,0,0,0,0,0
MICROSOFT Metaverse,0,0,0,0,0,0
PAYPAL Metaverse,0,0,0,0,0,0
Ukraine Peace,0,0,0,0,0,0
DISNEY Metaverse,0,0,0,0,0,0
TIKTOK Metaverse,0,0,0,0,0,0
Life Metaverse,0,0,0,0,0,0
WALMART Metaverse,0,0,0,0,0,0
MetaMask Metaverse,0,0,0,0,0,0
Pornhub DAO,0,0,0,0,0,0
Amazon Metaverse,0,0,0,0,0,0
SAUCY NUGS,0,0,0,0,0,0
OnlyChain,0,0,0,0,0,0
Pranksy DAO,0,0,0,0,0,0
Sushi V2,0,0,0,0,0,0
DIOR Metaverse,0,0,0,0,0,0
Ethereum,0,0,0,0,0,0
MONSTER GALAXY,0,0,0,0,0,0
YouTube Metaverse,0,0,0,0,0,0
Twitter DAO,0,0,0,0,0,0
Netflix DAO,0,0,0,0,0,0
FUCK DAO,0,0,0,0,0,0
Gucci Metaverse,0,0,0,0,0,0
EOS Dao,0,0,0,0,0,0
Opensea Traders,0,0,0,0,0,0
Whats The Fuck DAO,0,0,0,0,0,0
PayPal Metaverse,0,0,0,0,0,0
Hms Token,0,0,0,0,0,0
MetaMask crypto wallet,0,0,0,0,0,0
SpaceX Metaverse,0,0,0,0,0,0
NFT Worlds,0,0,0,0,0,0
Tiktok Metaverse,0,0,0,0,0,0
Doom,0,0,0,0,0,0
Frog Nation DAO,0,0,0,0,0,0
Zapper finance,0,0,0,0,0,0
Squid Game V2,0,0,0,0,0,0
NEW YORK COIN,0,0,0,0,0,0
Shiba Dao,0,0,0,0,0,0
Disney Metaverse,0,0,0,0,0,0
ButtCoin,0,0,0,0,0,0
💵BIG-BUCKS💵,0,0,0,0,0,0
LORDLESS TOKEN,0,0,0,0,0,0
Boobs DAO,0,0,0,0,0,0
Facebook Metaverse,0,0,0,0,0,0
McMetaverse,0,0,0,0,0,0
Twitter Metaverse,0,0,0,0,0,0
Ukraine DAO,0,0,0,0,0,0
Peace Dao,0,0,0,0,0,0
Ukraine Peace,0,0,0,0,0,0
Yahoo Metaverse,0,0,0,0,0,0
Netflix Metaverse,0,0,0,0,0,0
Instagram Metaverse,0,0,0,0,0,0
TikTok Metaverse,0,0,0,0,0,0
COCA COLA Metaverse,0,0,0,0,0,0
Nike Metaverse,0,0,0,0,0,0
Walmart Metaverse,0,0,0,0,0,0
OpenSea Metaverse,0,0,0,0,0,0
VISA Metaverse,0,0,0,0,0,0
NASA Metaverse,0,0,0,0,0,0
Marvel Metaverse,0,0,0,0,0,0
Nigger,0,0,0,0,0,0
eBay Metaverse,0,0,0,0,0,0
FC Barcelona Metaverse,0,0,0,0,0,0
Shopify Metaverse,0,0,0,0,0,0
Square Enix Metaverse,0,0,0,0,0,0
Square Enix Metaverse,0,0,0,0,0,0
Facebook,0,0,0,0,0,0
Ukraine Crypto Donation,0,0,0,0,0,0
Harvard Metaverse,0,0,0,0,0,0
Russia Win,0,0,0,0,0,0
NVIDIA MetaVerse,0,0,0,0,0,0
Cartier Metaverse,0,0,0,0,0,0
NASDAQ DAO,0,0,0,0,0,0
Lincoln Metaverse,0,0,0,0,0,0
Qualcomm Metaverse,0,0,0,0,0,0
IBM Metaverse,0,0,0,0,0,0
Powell DAO,0,0,0,0,0,0
Dior Metaverse,0,0,0,0,0,0
Gucci Metaverse,0,0,0,0,0,0
Chanel Metaverse,0,0,0,0,0,0
Hermes Metaverse,0,0,0,0,0,0
Ukraine Donation Token (only BUY),0,0,0,0,0,0
Peaceful World,0,0,0,0,0,0
Avocado,0,0,0,0,0,0
Avocado,0,0,0,0,0,0
Confetti,0,0,0,0,0,0
Peaceful World,0,0,0,0,0,0
Starbucks Metaverse,0,0,0,0,0,0
CloverCoin,0,0,0,0,0,0
SWIFT DAO,0,0,0,0,0,0
Ukraine Win,0,0,0,0,0,0
Galaxy,0,0,0,0,0,0
Android Metaverse,0,0,0,0,0,0
Prada Metaverse,0,0,0,0,0,0
Intel Metaverse,0,0,0,0,0,0
Intel Metaverse,0,0,0,0,0,0
Paypal Metaverse,0,0,0,0,0,0
Cargo Minting Credit,0,0,0,0,0,0
Youtube DAO,0,0,0,0,0,0
Meta Dao,0,0,0,0,0,0
McDonalds DAO,0,0,0,0,0,0
BAIKAL BINGO,0,0,0,0,0,0
Binance NFT Marketplace,0,0,0,0,0,0
Opensea Capital DAO,0,0,0,0,0,0
Bored Ape Chemistry Club DAO,0,0,0,0,0,0
Facebook,0,0,0,0,0,0
Twitter Metaverse,0,0,0,0,0,0
UkraineDAO,0,0,0,0,0,0
Locke Protocol,0,0,0,0,0,0
Forbes Web3,0,0,0,0,0,0
JBG,0,0,0,0,0,0
Shiba Metaverse,0,0,0,0,0,0
PsyOptions,0,0,0,0,0,0
CrypToadz Vault,0,0,0,0,0,0
BASENJI,0,0,0,0,0,0
APPLE Metaverse,0,0,0,0,0,0
Wrapped XRP,0,0,0,0,0,0
OpenSea Token,0,0,0,0,0,0
fees.wtf DAO,0,0,0,0,0,0
SOS,0,0,0,0,0,0
INTEL DAO,0,0,0,0,0,0
Gear DAO,0,0,0,0,0,0
Yield Finance Value Lending,0,0,0,0,0,0
Leather Doublet,0,0,0,0,0,0
Metroverse,0,0,0,0,0,0
Mini FLOKI Token,0,0,0,0,0,0
Activision Blizzard DAO,0,0,0,0,0,0
SYN CITY,0,0,0,0,0,0
Paxos Gold,0,0,0,0,0,0
Degen DAO,0,0,0,0,0,0
Animoca Brands Metaverse,0,0,0,0,0,0
Discord DAO,0,0,0,0,0,0
DISNEY DAO,0,0,0,0,0,0
Opera DAO,0,0,0,0,0,0
APPLE Metaverse,0,0,0,0,0,0
Wrapped XRP,0,0,0,0,0,0
OpenSea Token,0,0,0,0,0,0
fees.wtf DAO,0,0,0,0,0,0
SOS,0,0,0,0,0,0
INTEL DAO,0,0,0,0,0,0
Gear DAO,0,0,0,0,0,0
Yield Finance Value Lending,0,0,0,0,0,0
Leather Doublet,0,0,0,0,0,0
Metroverse,0,0,0,0,0,0
Mini FLOKI Token,0,0,0,0,0,0
Activision Blizzard DAO,0,0,0,0,0,0
SYN CITY,0,0,0,0,0,0
Paxos Gold,0,0,0,0,0,0
Degen DAO,0,0,0,0,0,0
Animoca Brands Metaverse,0,0,0,0,0,0
Bulleon Promo Token,0,0,0,0,0,0
Discord DAO,0,0,0,0,0,0
Golden⚜️Bullrun,0,0,0,0,0,0
DISNEY DAO,0,0,0,0,0,0
Opera DAO,0,0,0,0,0,0
Porsche Metaverse,0,0,0,0,0,0
Vice Metaverse,0,0,0,0,0,0
AC DAO,0,0,0,0,0,0
LEGO Metaverse,0,0,0,0,0,0
BMW Metaverse,0,0,0,0,0,0
DELL Metaverse,0,0,0,0,0,0
Armani Metaverse,0,0,0,0,0,0
CoronaCoin,0,0,0,0,0,0
SpaceX DAO,0,0,0,0,0,0
Uber Metaverse,0,0,0,0,0,0
Hollywood Metaverse,0,0,0,0,0,0
Rabbit Rocket,0,0,0,0,0,0
Tesla DAO,0,0,0,0,0,0
OpenSea,0,0,0,0,0,0
Solidly Exchange,0,0,0,0,0,0
KFC DAO,0,0,0,0,0,0
UkraineDAO,0,0,0,0,0,0
A16Z COIN,0,0,0,0,0,0
Happy New Year,0,0,0,0,0,0
Audioglyphs.io,0,0,0,0,0,0
Meta DOGE,0,0,0,0,0,0
DurexDAO,0,0,0,0,0,0
Pepsi Metaverse,0,0,0,0,0,0
APPLE DAO,0,0,0,0,0,0
PUMA Metaverse,0,0,0,0,0,0
Ukraine Inu,0,0,0,0,0,0
Metaverse,0,0,0,0,0,0
feeswtf,0,0,0,0,0,0
Adidas Originals Metaverse,0,0,0,0,0,0
McDonalds Metaverse,0,0,0,0,0,0
Nansen DAO,0,0,0,0,0,0
NO WAR IN UKRAINE,0,0,0,0,0,0
Olympic Games Beijing 2022,0,0,0,0,0,0
MetaMask  crypto wallet,0,0,0,0,0,0
RSS3,0,0,0,0,0,0
PornDAO,0,0,0,0,0,0
Zelenskyy Inu,0,0,0,0,0,0
Argent,0,0,0,0,0,0
Metroverse,0,0,0,0,0,0
meta.com,0,0,0,0,0,0
LINE NFT,0,0,0,0,0,0
League of Kingdoms,0,0,0,0,0,0
Doge DAO,0,0,0,0,0,0
OIN-DAO,0,0,0,0,0,0
Nike RTFKT Studios,0,0,0,0,0,0
LooksRare DAO,0,0,0,0,0,0
Nintendo Metaverse,0,0,0,0,0,0
RSS3,0,0,0,0,0,0
Stader,0,0,0,0,0,0
Stater,0,0,0,0,0,0
Google Metaverse,0,0,0,0,0,0
Timeless,0,0,0,0,0,0
Kasta,0,0,0,0,0,0
NFT DAO,0,0,0,0,0,0
NFT DAO,0,0,0,0,0,0
Doge King,0,0,0,0,0,0
MAKE LOVE NOT WAR,0,0,0,0,0,0
Stepsister Token,0,0,0,0,0,0
Uranium 235,0,0,0,0,0,0
Boba Cat,0,0,0,0,0,0
Doping Token,0,0,0,0,0,0
Lunareum,0,0,0,0,0,0
Speed Token,0,0,0,0,0,0
Blood Token,0,0,0,0,0,0
Night Token,0,0,0,0,0,0
Light Token,0,0,0,0,0,0
Dark Token,0,0,0,0,0,0
Fire Token,0,0,0,0,0,0
Rock Token,0,0,0,0,0,0
Flare Token,0,0,0,0,0,0
Sword Token,0,0,0,0,0,0
$GymFloki,0,0,0,0,0,0
Pulse Token,0,0,0,0,0,0
Metal Token,0,0,0,0,0,0
Women Token,0,0,0,0,0,0
Black Token,0,0,0,0,0,0
March Token,0,0,0,0,0,0
Reborn,0,0,0,0,0,0
Fish Token,0,0,0,0,0,0
Steel Token,0,0,0,0,0,0
Coyote Token,0,0,0,0,0,0
Grigori Rasputin Token,0,0,0,0,0,0
Night Token,0,0,0,0,0,0
Heavy Token,0,0,0,0,0,0
Samsung Metaverse,0,0,0,0,0,0
Bullet Token,0,0,0,0,0,0
Chica Token,0,0,0,0,0,0
Birth,0,0,0,0,0,0
Rebirth,0,0,0,0,0,0
Relic,0,0,0,0,0,0
The Return,0,0,0,0,0,0
Pharaoh Token,0,0,0,0,0,0
Rouble Rush,0,0,0,0,0,0
Hyena Token,0,0,0,0,0,0
Steam Metaverse,0,0,0,0,0,0
Metaverse DAO Token,0,0,0,0,0,0
HUAWEI Metaverse,0,0,0,0,0,0
Rutracker Metaverse,0,0,0,0,0,0
Amazon  Metaverse,0,0,0,0,0,0
Amazon Metaverse,0,0,0,0,0,0
Kodami Metaverse,0,0,0,0,0,0
Hydra Metaverse,0,0,0,0,0,0
Pizza Metaverse (t.me/PizzaMetaverse),0,0,0,0,0,0
METAVERSE BROKERS,0,0,0,0,0,0
miHoYo Metaverse,0,0,0,0,0,0
FlokiFlare Metaverse,0,0,0,0,0,0
Unilever Metaverse,0,0,0,0,0,0
Walmart Metaverse,0,0,0,0,0,0
JP Morgan Onyx Metaverse,0,0,0,0,0,0
McDonalds Metaverse,0,0,0,0,0,0
Backwood Metaverse,0,0,0,0,0,0
VISA Metaverse,0,0,0,0,0,0
Uber Metaverse,0,0,0,0,0,0
Metaverse Shiba,0,0,0,0,0,0
YouTube Metaverse,0,0,0,0,0,0
SONY Metaverse,0,0,0,0,0,0
Nintendo Metaverse,0,0,0,0,0,0
PUMA Metaverse,0,0,0,0,0,0
Billboard Metaverse,0,0,0,0,0,0
OmegleMetaverse,0,0,0,0,0,0
TOSHIBA Metaverse,0,0,0,0,0,0
Ubisoft Metaverse,0,0,0,0,0,0
Gucci Metaverse,0,0,0,0,0,0
No War Metaverse,0,0,0,0,0,0
Microsoft Metaverse,0,0,0,0,0,0
Roblox Metaverse,0,0,0,0,0,0
Warner Bros Metaverse,0,0,0,0,0,0
Crafty Metaverse,0,0,0,0,0,0
Dragon Land Metaverse,0,0,0,0,0,0
BMW Metaverse,0,0,0,0,0,0
Google Metaverse,0,0,0,0,0,0
Audi Metaverse,0,0,0,0,0,0
HSBC Metaverse,0,0,0,0,0,0
Linkedin Metaverse,0,0,0,0,0,0
Mercedes Benz Metaverse,0,0,0,0,0,0
Adobe Metaverse,0,0,0,0,0,0
ARISTA Metaverse,0,0,0,0,0,0
Metaverse,0,0,0,0,0,0
Play to Metaverse,0,0,0,0,0,0
Activision Blizzard Metaverse,0,0,0,0,0,0
MetaverseKing,0,0,0,0,0,0
PRADAMetaverse,0,0,0,0,0,0
SANXING Metaverse,0,0,0,0,0,0
SAMSUNG Metaverse,0,0,0,0,0,0
LOREAL Metaverse,0,0,0,0,0,0
Gotham Metaverse,0,0,0,0,0,0
Gecko Metaverse,0,0,0,0,0,0
Shiba Inu MetaVerse,0,0,0,0,0,0
Shopify Metaverse TM,0,0,0,0,0,0
Artemis Metaverse,0,0,0,0,0,0
Hilton Metaverse,0,0,0,0,0,0
Snapchat Metaverse,0,0,0,0,0,0
TinderMetaverse,0,0,0,0,0,0
Adidas Originals Metaverse,0,0,0,0,0,0
Nike Metaverse,0,0,0,0,0,0
Prada Metaverse,0,0,0,0,0,0
Adidas Metaverse,0,0,0,0,0,0
Adidas Metaverse,0,0,0,0,0,0
Hermès Metaverse,0,0,0,0,0,0
Nike Metaverse,0,0,0,0,0,0
Nike Metaverse,0,0,0,0,0,0
Metaverseinu,0,0,0,0,0,0
Metaverse SDK,0,0,0,0,0,0
Nestle Metaverse,0,0,0,0,0,0
Motorola Metaverse,0,0,0,0,0,0
METAVERSE GAMEFI,0,0,0,0,0,0
The New Frontier Metaverse,0,0,0,0,0,0
Marriott Metaverse,0,0,0,0,0,0
Gumball Metaverse,0,0,0,0,0,0
Shiba Metaverse,0,0,0,0,0,0
Steam Metaverse,0,0,0,0,0,0
MetaverseX,0,0,0,0,0,0
Metaverse,0,0,0,0,0,0
Metaverse of Shiba,0,0,0,0,0,0
Adidas Into The Metaverse,0,0,0,0,0,0
Unix Metaverse,0,0,0,0,0,0
MetaverseX,0,0,0,0,0,0
Diamond Bank Metaverse,0,0,0,0,0,0
Metaverse Quantum,0,0,0,0,0,0
MetaverseForte,0,0,0,0,0,0
Sony Metaverse,0,0,0,0,0,0
Shiba Metaverse,0,0,0,0,0,0
Metaverse,0,0,0,0,0,0
Uber Metaverse,0,0,0,0,0,0
Johnson Metaverse,0,0,0,0,0,0
Zombie Metaverse Token,0,0,0,0,0,0
Metaverse Sorare,0,0,0,0,0,0
Airbnb Metaverse,0,0,0,0,0,0
Slime Inu Metaverse,0,0,0,0,0,0
DeepMetaVerse,0,0,0,0,0,0
Nintendo Metaverse,0,0,0,0,0,0
Dragon Land Metaverse,0,0,0,0,0,0
Adidas Metaverse,0,0,0,0,0,0
Wolf MetaVerse,0,0,0,0,0,0
PEPSI Metaverse,0,0,0,0,0,0
Dragon Land Metaverse,0,0,0,0,0,0
Fantasy Metaverse Game,0,0,0,0,0,0
Boeing Metaverse Airplane,0,0,0,0,0,0
Tinder Metaverse,0,0,0,0,0,0
Nike Into The Metaverse,0,0,0,0,0,0
SquidMetaVerse,0,0,0,0,0,0
McDonalds Metaverse,0,0,0,0,0,0
Metaverse Oxygen Pool,0,0,0,0,0,0
MetaverseUFO,0,0,0,0,0,0
Hasbulla Metaverse,0,0,0,0,0,0
Dragon Land Metaverse,0,0,0,0,0,0
Pepsi Metaverse,0,0,0,0,0,0
Gogeta Metaverse,0,0,0,0,0,0
Metaverse,0,0,0,0,0,0
Oscar Metaverse,0,0,0,0,0,0
Metaverse,0,0,0,0,0,0
Hollywood Metaverse,0,0,0,0,0,0
Hilton Metaverse,0,0,0,0,0,0
Metaverse Inu,0,0,0,0,0,0
Metaverse Community DAO,0,0,0,0,0,0
Metaverse Investment Legacy Fund,0,0,0,0,0,0
Chrome Metaverse,0,0,0,0,0,0
Budweiser Metaverse,0,0,0,0,0,0
Metaverse,0,0,0,0,0,0
MetaverseSwap,0,0,0,0,0,0
Atlantis Metaverse,0,0,0,0,0,0
 Metaverse Capital ,0,0,0,0,0,0
Metaverse,0,0,0,0,0,0
APPLE Metaverse,0,0,0,0,0,0
Michelin Metaverse,0,0,0,0,0,0
Metaverse ETP Chain Token,0,0,0,0,0,0
Zerogoki Metaverse Index 2x Long,0,0,0,0,0,0
Dragon Land Metaverse,0,0,0,0,0,0
Metaverse DNAxCAT,0,0,0,0,0,0
Metaverse,0,0,0,0,0,0
MetaverseX,0,0,0,0,0,0
Realy Metaverse,0,0,0,0,0,0
Portal Metaverse,0,0,0,0,0,0
Rolex Metaverse,0,0,0,0,0,0
Metaverse Game,0,0,0,0,0,0
UFOMETAVERSE,0,0,0,0,0,0
Roblox Metaverse,0,0,0,0,0,0
SHIBA METAVERSE,0,0,0,0,0,0
Metaverse Capital,0,0,0,0,0,0
Metaverse Capital Official,0,0,0,0,0,0
VOXmetaverse,0,0,0,0,0,0
Metaverse,0,0,0,0,0,0
MetaVerse,0,0,0,0,0,0
Dark Metaverse,0,0,0,0,0,0
Metaverse inu,0,0,0,0,0,0
Metaverse Land Exchange,0,0,0,0,0,0
Metaverse RYOMA,0,0,0,0,0,0
Shell Metaverse,0,0,0,0,0,0
Gucci Metaverse,0,0,0,0,0,0
Louis Vuitton Metaverse,0,0,0,0,0,0
Metaverse Capital,0,0,0,0,0,0
Metaverse Finance,0,0,0,0,0,0
MCMetaverse,0,0,0,0,0,0
Toyota Metaverse,0,0,0,0,0,0
MetaVerse Captial ,0,0,0,0,0,0
Kishu Metaverse Token,0,0,0,0,0,0
MetaverseX,0,0,0,0,0,0
Metaverse Shiba,0,0,0,0,0,0
Boeing Metaverse,0,0,0,0,0,0
DIOR Metaverse,0,0,0,0,0,0
AlphaMetaverse,0,0,0,0,0,0
Playboy Metaverse,0,0,0,0,0,0
Pixel Army Metaverse,0,0,0,0,0,0
Amazon Metaverse,0,0,0,0,0,0
Metaverse,0,0,0,0,0,0
ExxonMobil Metaverse,0,0,0,0,0,0
Tiktok Metaverse,0,0,0,0,0,0
Snapchat Metaverse,0,0,0,0,0,0
ShibaMetaverseCapital,0,0,0,0,0,0
Adidas Originals Metaverse,0,0,0,0,0,0
Nokia Metaverse,0,0,0,0,0,0
 Inu Metaverse ,0,0,0,0,0,0
MetaverseX,0,0,0,0,0,0
Metaverse Spruce,0,0,0,0,0,0
Metaverse DNA Chain Token,0,0,0,0,0,0
Metaverse Index,0,0,0,0,0,0
GoogleMetaverse,0,0,0,0,0,0
Paypal Metaverse,0,0,0,0,0,0
Metaverse,0,0,0,0,0,0
Nintendo Metaverse,0,0,0,0,0,0
Metaverse,0,0,0,0,0,0
Metaverse USM,0,0,0,0,0,0
Metaverse,0,0,0,0,0,0
Shiba MetaVerse,0,0,0,0,0,0
Inu-Metaverse,0,0,0,0,0,0
Metaverse,0,0,0,0,0,0
Las Vegas Metaverse,0,0,0,0,0,0
JPMorgan Metaverse,0,0,0,0,0,0
METAVERSE,0,0,0,0,0,0
MetaverseBrokers,0,0,0,0,0,0
Metaverse,0,0,0,0,0,0
Social Metaverse,0,0,0,0,0,0
Metaverse,0,0,0,0,0,0
MetaverseX,0,0,0,0,0,0
Deep MetaVerse🌌,0,0,0,0,0,0
Realy Metaverse,0,0,0,0,0,0
Metaversero,0,0,0,0,0,0
Metaverse ETF,0,0,0,0,0,0
Metaverse,0,0,0,0,0,0
Ubisoft Metaverse,0,0,0,0,0,0
MetaverseElon,0,0,0,0,0,0
Cisco Metaverse,0,0,0,0,0,0
LanStar Metaverse,0,0,0,0,0,0
Metaverse Capital,0,0,0,0,0,0
NIKE Metaverse Token,0,0,0,0,0,0
Uniqlo Metaverse,0,0,0,0,0,0
Balenciaga Metaverse,0,0,0,0,0,0
Adidas Originals Metaverse,0,0,0,0,0,0
Exotic Metaverse,0,0,0,0,0,0
Metaverse,0,0,0,0,0,0
Metaverse Gold,0,0,0,0,0,0
MetaverseX,0,0,0,0,0,0
Metaverse INU,0,0,0,0,0,0
Rockefeller Metaverse,0,0,0,0,0,0
Metaverse NFT Index,0,0,0,0,0,0
Metaverse,0,0,0,0,0,0
Boring Token,0,0,0,0,0,0
Ferpaid Finance,0,0,0,0,0,0
Viet Kong Token,0,0,0,0,0,0
Spellsword,0,0,0,0,0,0
Pikong,0,0,0,0,0,0
Recycle Token,0,0,0,0,0,0
Viking,0,0,0,0,0,0
DAO Solana,0,0,0,0,0,0
Jungle Token,0,0,0,0,0,0
BUBU Token,0,0,0,0,0,0
Revive,0,0,0,0,0,0
Recipe Token,0,0,0,0,0,0
Dogona,0,0,0,0,0,0
Vaping Ape Coin,0,0,0,0,0,0
Elonatama,0,0,0,0,0,0
Elonagoose,0,0,0,0,0,0
Patrick Inu,0,0,0,0,0,0
Soviet Elona,0,0,0,0,0,0
Repay Token,0,0,0,0,0,0
MiniApeCoin,0,0,0,0,0,0
Master Plan Token,0,0,0,0,0,0
Rock Inu,0,0,0,0,0,0
Carrefour Metaverse,0,0,0,0,0,0
Subway Metaverse,0,0,0,0,0,0
MetaMask DAO,0,0,0,0,0,0
Louis Vuitton Metaverse,0,0,0,0,0,0
ApeCoin DAO,0,0,0,0,0,0
Bulgari NFT,0,0,0,0,0,0
Blizzard Metaverse,0,0,0,0,0,0
NIKE Share Token,0,0,0,0,0,0
EA Metaverse,0,0,0,0,0,0
Marlboro Metaverse,0,0,0,0,0,0
Riot Games,0,0,0,0,0,0
Meebits Coin,0,0,0,0,0,0
Cool Cats Coin,0,0,0,0,0,0
AzukiCoin,0,0,0,0,0,0
MAYC COIN,0,0,0,0,0,0
Doodles Coin,0,0,0,0,0,0
eBay Metaverse,0,0,0,0,0,0
Gmail Metaverse,0,0,0,0,0,0
Supreme Metaverse,0,0,0,0,0,0
BAYC Token,0,0,0,0,0,0
Jordan Metaverse,0,0,0,0,0,0
Yuga Coin,0,0,0,0,0,0
ApeCoin,0,0,0,0,0,0
Mfers Coin,0,0,0,0,0,0
CryptoPunks,0,0,0,0,0,0
World Of Women,0,0,0,0,0,0
ApeCoin,0,0,0,0,0,0
CLONE X,0,0,0,0,0,0
BAKC COIN,0,0,0,0,0,0
LINE Metaverse,0,0,0,0,0,0
Pizza Hut Metaverse,0,0,0,0,0,0
Verizon Metaverse,0,0,0,0,0,0
Amazon Metaverse,0,0,0,0,0,0
Yumi,0,0,0,0,0,0
Disney Metaverse,0,0,0,0,0,0
DuPont Metaverse,0,0,0,0,0,0
WGM,0,0,0,0,0,0
ApeHaven,0,0,0,0,0,0
Uniswap V2,0,0,0,0,0,0
WallStreet DAO,0,0,0,0,0,0
Qualcomm Metaverse,0,0,0,0,0,0
Uniswap V2,0,0,0,0,0,0
StonedApeCoin,0,0,0,0,0,0
The Ape Predator,0,0,0,0,0,0
CardanoStarter,0,0,0,0,0,0
SEGA Metaverse,0,0,0,0,0,0
Animoca Brands Metaverse,0,0,0,0,0,0
Pokemon Metaverse,0,0,0,0,0,0
ADIDAS Metaverse,0,0,0,0,0,0
XBOX Metaverse,0,0,0,0,0,0
Tiffany & Co. Metaverse,0,0,0,0,0,0
HelloKitty Metaverse,0,0,0,0,0,0
LG Metaverse,0,0,0,0,0,0
IKEA Metaverse,0,0,0,0,0,0
Skype Metaverse,0,0,0,0,0,0
Red Bull Metaverse,0,0,0,0,0,0
Adobe Metaverse,0,0,0,0,0,0
Mastercard Metaverse,0,0,0,0,0,0
Honda Metaverse,0,0,0,0,0,0
ExxonMobil Metaverse,0,0,0,0,0,0
Nikeland Metaverse,0,0,0,0,0,0
DairyQueen Metaverse,0,0,0,0,0,0
Bikini Metaverse,0,0,0,0,0,0
Stranded Metaverse,0,0,0,0,0,0
Origin Metaverse,0,0,0,0,0,0
Invisible Friends,0,0,0,0,0,0
Imaginary Ones,0,0,0,0,0,0
Punk Coin,0,0,0,0,0,0
Queen Ape Coin,0,0,0,0,0,0
iAPE Coin,0,0,0,0,0,0
Origin Metaverse,0,0,0,0,0,0
Wrapped BTC,0,0,0,0,0,0
Gundam Metaverse,0,0,0,0,0,0
PHILIPS Metaverse,0,0,0,0,0,0
Ubisoft Metaverse,0,0,0,0,0,0
Target Metaverse,0,0,0,0,0,0
FACEBOOK,0,0,0,0,0,0
Firefox Metaverse,0,0,0,0,0,0
HITACHI Metaverse,0,0,0,0,0,0
7-ELEVEN Metaverse,0,0,0,0,0,0
Porsche Metaverse,0,0,0,0,0,0
DreamWorks Metaverse,0,0,0,0,0,0
FIFA Metaverse,0,0,0,0,0,0
Something,0,0,0,0,0,0
Switch Metaverse,0,0,0,0,0,0
Gameloft Metaverse,0,0,0,0,0,0
Oculus Metaverse,0,0,0,0,0,0
SHIB The Metaverse,0,0,0,0,0,0
Panasonic Metaverse,0,0,0,0,0,0
Supercell Metaverse,0,0,0,0,0,0
PopCap Metaverse,0,0,0,0,0,0
Tiffany Metaverse,0,0,0,0,0,0
SoftBank Metaverse,0,0,0,0,0,0
Epic Games Metaverse,0,0,0,0,0,0
Ferrari Metaverse,0,0,0,0,0,0
Patek Philippe Metaverse,0,0,0,0,0,0
Richard Mille Metaverse,0,0,0,0,0,0
Opera Metaverse,0,0,0,0,0,0
LVMH Metaverse,0,0,0,0,0,0
Epic Games Metaverse,0,0,0,0,0,0
Beanz Official,0,0,0,0,0,0
BEANZ Official,0,0,0,0,0,0
Something,0,0,0,0,0,0
Something,0,0,0,0,0,0
Cult Bank,0,0,0,0,0,0
AzukiCoin,0,0,0,0,0,0
Cult Capital,0,0,0,0,0,0
Patek Philippe Metaverse,0,0,0,0,0,0
Capcom Metaverse,0,0,0,0,0,0
Konami Metaverse,0,0,0,0,0,0
Epic Games Metaverse,0,0,0,0,0,0
Bentley Metaverse,0,0,0,0,0,0
Oracle Metaverse,0,0,0,0,0,0
Costco Metaverse,0,0,0,0,0,0
Costco Metaverse,0,0,0,0,0,0
Nexon Metaverse,0,0,0,0,0,0
Rockstar Metaverse,0,0,0,0,0,0
Epic Games Metaverse,0,0,0,0,0,0
Samsung Metaverse,0,0,0,0,0,0
Wendys Metaverse,0,0,0,0,0,0
Subway Metaverse,0,0,0,0,0,0
Bentley Metaverse,0,0,0,0,0,0
Nexon Metaverse,0,0,0,0,0,0
Richard Mille Metaverse,0,0,0,0,0,0
Roblox Metaverse,0,0,0,0,0,0
Dolce Gabbana Metaverse,0,0,0,0,0,0
Zynga Metaverse,0,0,0,0,0,0
Atari Metaverse,0,0,0,0,0,0
Sparksen,0,0,0,0,0,0
Twitter Metaverse,0,0,0,0,0,0
PUBG Metaverse,0,0,0,0,0,0
Boucheron Metaverse,0,0,0,0,0,0
McDonalds Metaverse,0,0,0,0,0,0
Capcom Metaverse,0,0,0,0,0,0
Telltale Games Metaverse,0,0,0,0,0,0
Zuck Bucks,0,0,0,0,0,0
adidas Originals,0,0,0,0,0,0
Opera DAO,0,0,0,0,0,0
New Line Cinema,0,0,0,0,0,0
GM,0,0,0,0,0,0
fren,0,0,0,0,0,0
BAX,0,0,0,0,0,0
AdaSwap,0,0,0,0,0,0
Wagmiverse,0,0,0,0,0,0
Conic Finance,0,0,0,0,0,0
Kyoko GameFi,0,0,0,0,0,0
Interplay Metaverse,0,0,0,0,0,0
Wrapped BTC,0,0,0,0,0,0
LayerZeroToken,0,0,0,0,0,0
StarCraft Metaverse,0,0,0,0,0,0
Gauntlet,0,0,0,0,0,0
Itheum,0,0,0,0,0,0
Tronix,0,0,0,0,0,0
World of Women Governance Token,0,0,0,0,0,0
Tribal Credit,0,0,0,0,0,0
TikTok DAO,0,0,0,0,0,0
NORMANCOMICS,0,0,0,0,0,0
AzukiCoin,0,0,0,0,0,0
CoW Protocol Token,0,0,0,0,0,0
CLONE X - X TAKASHI MURAKAMI,0,0,0,0,0,0
ApeCoin,0,0,0,0,0,0
League of Legends,0,0,0,0,0,0
Sigma Finance,0,0,0,0,0,0
Cryptovoxels Color,0,0,0,0,0,0
FrankCoin,0,0,0,0,0,0
United International Pictures,0,0,0,0,0,0
Bandai Namco,0,0,0,0,0,0
Luna Foundation,0,0,0,0,0,0
ApeCoin,0,0,0,0,0,0
Metacloud,0,0,0,0,0,0
SHiBGOTCHi,0,0,0,0,0,0
Viral Crypto App,0,0,0,0,0,0
MetaKitties,0,0,0,0,0,0
Crokt Network,0,0,0,0,0,0
Exoticsy,0,0,0,0,0,0
BlueSparrowToken,0,0,0,0,0,0
Linxy Finance,0,0,0,0,0,0
Gric Coin,0,0,0,0,0,0
Cherry,0,0,0,0,0,0
Avastar Replicant Token,0,0,0,0,0,0
VerityToken,0,0,0,0,0,0
SEXPOP Collective,0,0,0,0,0,0
GU:S1: Raffle Ticket,0,0,0,0,0,0
Ravelous,0,0,0,0,0,0
$AAPL,0,0,0,0,0,0
AXION,0,0,0,0,0,0
SAFE2,0,0,0,0,0,0
Chanel Metaverse,0,0,0,0,0,0
Universal Pictures Metaverse,0,0,0,0,0,0
GENIE COIN,0,0,0,0,0,0
mfers,0,0,0,0,0,0
Omega Metaverse,0,0,0,0,0,0
ApeX Protocol,0,0,0,0,0,0
ElonMusk Twitter,0,0,0,0,0,0
TriStar Pictures,0,0,0,0,0,0
Panasonic Metaverse,0,0,0,0,0,0
Doodles,0,0,0,0,0,0
Louis Vuitton Metaverse,0,0,0,0,0,0
Optimism,0,0,0,0,0,0
EvmoSwap,0,0,0,0,0,0
Gameloft Metaverse,0,0,0,0,0,0
Bend Dao,0,0,0,0,0,0
Hasbro Metaverse,0,0,0,0,0,0
Hashdex Metaverse,0,0,0,0,0,0
Moonbirds Reward Token,0,0,0,0,0,0
mfer,0,0,0,0,0,0
Gucci Grail NFT,0,0,0,0,0,0
Walking Dead Metaverse,0,0,0,0,0,0
Otherdeed,0,0,0,0,0,0
Wisdomtree DAO,0,0,0,0,0,0
YAMAHA Metaverse,0,0,0,0,0,0
Otherside,0,0,0,0,0,0
Toei Animation Metaverse,0,0,0,0,0,0
Scatter.cx,0,0,0,0,0,0
Coke In The Cola,0,0,0,0,0,0
NEXON Metaverse,0,0,0,0,0,0
Project Galaxy,0,0,0,0,0,0
Epic Games,0,0,0,0,0,0
CoinAnalyst,0,0,0,0,0,0
Otherside,0,0,0,0,0,0
Otherside-APE,0,0,0,0,0,0
NATION,0,0,0,0,0,0
Otherdeed for Otherside,0,0,0,0,0,0
Optimism,0,0,0,0,0,0
JunoSwap,0,0,0,0,0,0
Optimism,0,0,0,0,0,0
Optimism,0,0,0,0,0,0
World of Women,0,0,0,0,0,0
Project Galaxy,0,0,0,0,0,0
Akutars,0,0,0,0,0,0
Arbitrum,0,0,0,0,0,0
Terra Classic,0,0,0,0,0,0
Hasbro Metaverse,0,0,0,0,0,0
MetaMask Metaverse,0,0,0,0,0,0
Walt Disney Metaverse,0,0,0,0,0,0
WenMoon,0,0,0,0,0,0
Gnosis Safe,0,0,0,0,0,0
Aurigami,0,0,0,0,0,0
Twitter DAO,0,0,0,0,0,0
BEANZ Official,0,0,0,0,0,0
Moonbirds,0,0,0,0,0,0
Toncoin,0,0,0,0,0,0
Patek Philippe Metaverse,0,0,0,0,0,0
Moonbirds,0,0,0,0,0,0
Walking Dead,0,0,0,0,0,0
Epic Games,0,0,0,0,0,0
Murakami Flowers,0,0,0,0,0,0
Warner Bros Pictures,0,0,0,0,0,0
Koda for Otherside,0,0,0,0,0,0
Optimism,0,0,0,0,0,0
Optimism,0,0,0,0,0,0
Burn,0,0,0,0,0,0
O2DEX,0,0,0,0,0,0
ApeXProtocol,0,0,0,0,0,0
Gucci Metaverse,0,0,0,0,0,0
Doodles Coin,0,0,0,0,0,0
Take-Two Interactive,0,0,0,0,0,0
Musk Coca Cola,0,0,0,0,0,0
Moonbirds,0,0,0,0,0,0
Crypterator App,0,0,0,0,0,0
XTAKE,0,0,0,0,0,0
InnovativeBioresearchClassic,0,0,0,0,0,0
Kore,0,0,0,0,0,0
Project Galaxy,0,0,0,0,0,0
SportX,0,0,0,0,0,0
0xc237ca34295030b4b80c5355036fda5351903633,0,0,0,0,0,0
0x0c6c1189436e770a0dfb0389e16d09b7ec7e0225,0,0,0,0,0,0
0xc3ac0a94c7b95fba2d09fc8833b31f84d5abb316,0,0,0,0,0,0
0x2744861accb5bd435017c1cfee789b6ebab42082,0,0,0,0,0,0
0xa85f8a198d59f0fda82333be9aeeb50f24dd59ff,0,0,0,0,0,0
0xa39b14f57087aa5f16b941e5ec182b84a5432aa7,0,0,0,0,0,0
0xe4fb1bb8423417a460286b0ed44b64e104c5fae5,0,0,0,0,0,0
0x22e51bae3f545255e115090202a23c7ede0b00b9,0,0,0,0,0,0
0x81067076dcb7d3168ccf7036117b9d72051205e2,0,0,0,0,0,0
0x8ae127d224094cb1b27e1b28a472e588cbcc7620,0,0,0,0,0,0
0x0b91b07beb67333225a5ba0259d55aee10e3a578,0,0,0,0,0,0
0x0b91b07beb67333225a5ba0259d55aee10e3a578,0,0,0,0,0,0
0xd8e376e3b3630b1790fb9a79d91732f568bccbe1,0,0,0,0,0,0
0xcbf4ab00b6aa19b4d5d29c7c3508b393a1c01fe3,0,0,0,0,0,0
0x02677c45fa858b9ffec24fc791bf72cdf4a8a8df,0,0,0,0,0,0
0x6142f62e7996faec5c5bb9d10669d60299d69dfe,0,0,0,0,0,0
0xd7f1d4f5a1b44d827a7c3cc5dd46a80fade55558,0,0,0,0,0,0
0xd7f1d4f5a1b44d827a7c3cc5dd46a80fade55558,0,0,0,0,0,0
0x1cc384b6f900a947eb3bbfc47417afeee7599e24,0,0,0,0,0,0
0x8a0b040f27407d7a603bca701b857f8f81a1c7af,0,0,0,0,0,0
0x0364c8dbde082372e8d6a6137b45613dd0f8138a,0,0,0,0,0,0
0x826389516483aa4b2f70eed91177df942509552c,0,0,0,0,0,0
0xd0f3121a190d85de0ab6131f2bcecdbfcfb38891,0,0,0,0,0,0
0x2c820e8936a077629d4ba37e522470c8cca3deee,0,0,0,0,0,0
0xbb54fdc0ce6e73ed86312d40ac711179e8872ba6,0,0,0,0,0,0
0x8f081775ba8db2d2f0f8b7f48ce819d5fdd80291,0,0,0,0,0,0
0x0affc2574b2e318a9c5bf1c900ccb4e6f01fcd4a,0,0,0,0,0,0
0x3950499c98d5bc2a758eac0743c3183b46880718,0,0,0,0,0,0
0xce00dcbfe854e2779cbd07504e64ebb4e86e9bfd,0,0,0,0,0,0
0xce31fc23c958dd8620bf10ad47b7ccbdcc6e2cf9,0,0,0,0,0,0
0xa9b35515786d69ec4cb0cd13c7c32d239c911152,0,0,0,0,0,0
0x2efbc552d22b7249f9c655d3bfa378ed70058ab1,0,0,0,0,0,0
0x199a59c40283e4896cd29476708c711ba45e5ecc,0,0,0,0,0,0
0x5827d23b59986392999016e986462c93a4696614,0,0,0,0,0,0
0x51969be4c7a9cefab36cc9569ecb77b2407ee0d7,0,0,0,0,0,0
0xbd07452e34fc3e655968edf8ea959fe766c22b15,0,0,0,0,0,0
0x836b66bd36f0ce1b3d6f788b0675ef2913ba9b0e,0,0,0,0,0,0
0x5303590d89d10c0d6bc0e1a2e8edbb1ecd2e31a5,0,0,0,0,0,0
0x19edeebf4cc47d75b961d2887e926188cba6ee88,0,0,0,0,0,0
0x3115bc9d567664811375a3ef4aab8db7f54f1787,0,0,0,0,0,0
0x2d023f9bd27fb9cc1c73736c238fdaa054874195,0,0,0,0,0,0
0xb575a5791f48c4d08a2b38f354e775918012264b,0,0,0,0,0,0
0x48f36be5f309454399bbce998b353ec23745ee73,0,0,0,0,0,0
0x95b9246a719aeac2bb226b830d46856a85d52f26,0,0,0,0,0,0
0x073283d7df2598c21c3a3431f4c6fa28ad580526,0,0,0,0,0,0
0x5934b38c6fc843e75d2efbb34925ee0a91006683,0,0,0,0,0,0
0x02def2d2f856faf8c70ec6fa92b798396f496420,0,0,0,0,0,0
0x5fde08fa4d7cdfd55c293ce316a999860b392a69,0,0,0,0,0,0
0x660138ae1911cb0611274dd35907af93147fbabf,0,0,0,0,0,0
0xacfbe6979d58b55a681875fc9adad0da4a37a51b,0,0,0,0,0,0
0x3632dcb0a6ab2075223c8a9aa0b621b34d07fa8b,0,0,0,0,0,0
0x1d79442c454a70b1079a3076efa4e62a2d27747c,0,0,0,0,0,0
0xc1ce2f4fc728380627994835471c61aa70e265f0,0,0,0,0,0,0
0x7961bc1ccb4b6c55cd5fd7d64d9f2171ab950e6d,0,0,0,0,0,0
0x14f2c84a58e065c846c5fdddade0d3548f97a517,0,0,0,0,0,0
0x153cb06df6237339151b5e2c1205666d69f70f4d,0,0,0,0,0,0
0x6bab100312fe38e60d825585bbd11fa13ba416c0,0,0,0,0,0,0
0xc9f4aeef342ef09857f5def348b4c6b73a5ac17d,0,0,0,0,0,0
0x044b1d3374eaf3bc31ef8970dd0220ab3a5958ff,0,0,0,0,0,0
0x840195888db4d6a99ed9f73fcd3b225bb3cb1a79,0,0,0,0,0,0
0x6258d49ca4035431575d997b096723e68d8c92f9,0,0,0,0,0,0
0xafb64e73def6faa8b6ef9a6fb7312d5c4c15ebdb,0,0,0,0,0,0
0xd22202d23fe7de9e3dbe11a2a88f42f4cb9507cf,0,0,0,0,0,0
0x17d1285bc68d9085f8e4b86fc565e452b29dc48f,0,0,0,0,0,0
0xc7ef1bff46cd025509cf5e55fa5cd5c14793cbff,0,0,0,0,0,0
0x0df62d2cd80591798721ddc93001afe868c367ff,0,0,0,0,0,0
0xb16600c510b0f323dee2cb212924d90e58864421,0,0,0,0,0,0
0x5190b01965b6e3d786706fd4a999978626c19880,0,0,0,0,0,0
0x89e0262ec34311564b4e43d416218d38d4db879c,0,0,0,0,0,0
0x373233a38ae21cf0c4f9de11570e7d5aa6824a1e,0,0,0,0,0,0
0x569b2cf0b745ef7fad04e8ae226251814b3395f9,0,0,0,0,0,0
0xab57aef3601cad382aa499a6ae2018a69aad9cf0,0,0,0,0,0,0
0xbc6675de91e3da8eac51293ecb87c359019621cf,0,0,0,0,0,0
0x8ee3e98dcced9f5d3df5287272f0b2d301d97c57,0,0,0,0,0,0
0x5558447b06867ffebd87dd63426d61c868c45904,0,0,0,0,0,0
0xc33fc11b55465045b3f1684bde4c0aa5c5f40124,0,0,0,0,0,0
0xb8a9704d48c3e3817cc17bc6d350b00d7caaecf6,0,0,0,0,0,0
0x826da7faf7d589665b7f509d9a9cec7ae6cd2ac7,0,0,0,0,0,0
0x119e2ad8f0c85c6f61afdf0df69693028cdc10be,0,0,0,0,0,0
0x442b656f5a5c3dd09790951810c5a15ea5295b51,0,0,0,0,0,0
0xd5e3bf9045cfb1e6ded4b35d1b9c34be16d6eec3,0,0,0,0,0,0
0xb3ec4e17c1c0079d977354875ab924c088325306,0,0,0,0,0,0
0x4e1191fa01bb4ec0dcca114a958bf5c204c285fb,0,0,0,0,0,0
0x0198be93b7cae38da7e2fd966946412cc36447bf,0,0,0,0,0,0
0x5e48c354a5da2b0a8c203518d0fc7b9c58cc9329,0,0,0,0,0,0
0x04645027122c9f152011f128c7085449b27cb6d7,0,0,0,0,0,0
0xECB3c644B7dCF3dC71B84a1fa1B7caeb7CF5d274,0,0,0,0,0,0
0x58c10c8e2b80fdb5613778125ddd1c93f8cc8983,0,0,0,0,0,0
0xbb071a3f96fb1fe24337c8e4c2460558515f7940,0,0,0,0,0,0
0xef27b9cb67aa93ec3494a60f1ea9380e86175b26,0,0,0,0,0,0
0x27b880865395da6cda9c407e5edfcc32184cf429,0,0,0,0,0,0
0xd2f83cf5c697e892a38f8d1830eb88ebc0809a0c,0,0,0,0,0,0
0x0d05a204e27e4815f1f5afdb9d82aa221aa0bdfa,0,0,0,0,0,0
0x491b25000d386cd31307580171a510d32d7e64ee,0,0,0,0,0,0
0x999ed65c43b390820df76c30a85d51f72890846c,0,0,0,0,0,0
0x0bba136fda6d7b6e3f6adf9759ea1cc4d1235d65,0,0,0,0,0,0
0x2bc162d53ca0a7afc7b216868c5de678add5c8e4,0,0,0,0,0,0
0x9e230fff4d18143a03d3667698ebadb4c8a23fd8,0,0,0,0,0,0
0x9e230fff4d18143a03d3667698ebadb4c8a23fd8,0,0,0,0,0,0
0x179960442ece8de9f390011b7f7c9b56c74e4d0a,0,0,0,0,0,0
0xb2da4470ba2eebe12b6f7faaaadffefaef8dbde0,0,0,0,0,0,0
0xc183062db25fc96325485ea369c979ce881ac0ea,0,0,0,0,0,0
0xD12e198c41439E83426B86590F3983b3D1Fe588d,0,0,0,0,0,0
0x68D1569D1A6968F194B4d93f8d0b416c123A599f,0,0,0,0,0,0
0x66f0095a54b16980617af51cfef87d3f95cf0257,0,0,0,0,0,0
0x15351604e617d9f645b53ee211d9c95ba88297df,0,0,0,0,0,0
0x7d9c3bd1eb0b0a8921fab9c57e26e05518d87b4d,0,0,0,0,0,0
0x15012acf8a58ad3fcd9f587c7ece4f62c21f65c5,0,0,0,0,0,0
0x026222b0954457b5b12fa5fd8471238cf4e6749c,0,0,0,0,0,0
0x0523215dcafbf4e4aa92117d13c6985a3bef27d7,0,0,0,0,0,0
0xca830317146bfdde71e7c0b880e2ec1f66e273ee,0,0,0,0,0,0
0x36ab72472db0d5ca55a451d324b36a3230bf8674,0,0,0,0,0,0
0x57dbae4b73455bc0d3e892ae57779160961f0f03,0,0,0,0,0,0
0xe3b04fe096e868df46dcba16ddd01ff37acf96fd,0,0,0,0,0,0
0xc1af3f05ef1a96b958c5a83c232e2b9e716480f2,0,0,0,0,0,0
0xa8c514d991f59bab02d32b68f04204cb89261c88,0,0,0,0,0,0
0xbb8203e945866a1f3eced6e5b22679e5a540be91,0,0,0,0,0,0
0xd85842708252c7752f9e503f90561068433d0044,0,0,0,0,0,0
0xc77002926F54d93F4Bc8Ef771D90b779847dc5cb,0,0,0,0,0,0
0x58ed15a338f179fd0fbbe951cee9de90d5bb29a0,0,0,0,0,0,0
0xd09942f1b144ba90d3917b3024ec34b5a08e2133,0,0,0,0,0,0
0xf7844cb890f4c339c497aeab599abdc3c874b67a,0,0,0,0,0,0
0x51f9e1235107722b25f22c6e6edcb378dfc31eba,0,0,0,0,0,0
0x99ac60aa8d2e741662278c452499458aebc2fc26,0,0,0,0,0,0
0x9a624b4190f38c888bbf7f845f14198f9c951de7,0,0,0,0,0,0
0x96d67a9c5329f57384c7e7bbb082a81475d2952f,0,0,0,0,0,0
0x651a89fed302227d41425235f8e934502fb94c48,0,0,0,0,0,0
0xa8b1b439a064b1779882c72241081427eb670912,0,0,0,0,0,0
0xddff2cc46ca7ce3b26a742256652a78ce4f94640,0,0,0,0,0,0
0x66e0b86067d5d20738440f3a64f8592c8d430979,0,0,0,0,0,0
0xc871ee8fc339f45474a8f660e9a4b75a6a8ce4c0,0,0,0,0,0,0
0x64b3e5f137a750b0e1ccc3ba6e4f6c84a495839b,0,0,0,0,0,0
0xc3427509d9793df7388431750b7bb1c3eb78890e,0,0,0,0,0,0
0xc7015b9573dcc7589e9962f988a959354abec329,0,0,0,0,0,0
0x2c65debf3c7671cb79340bddb0893fbb0d5accd7,0,0,0,0,0,0
0xa8548aad21b85ef95b3f647a7f3ae93f280208a9,0,0,0,0,0,0
0xe1f2ce106f540fd22027c3dd0f1138240a67cbe4,0,0,0,0,0,0
0x556798dd55db12562a6950ea8339a273539b0495,0,0,0,0,0,0
0x34ea3f7162e6f6ed16bd171267ec180fd5c848da,0,0,0,0,0,0
0xa43d8b1f070b8e2fd2de4e01369369d5fd7d4784,0,0,0,0,0,0
0x7269163f2b060fb90101f58cf724737a2759f0bb,0,0,0,0,0,0
0x5ec2a778717cf1a5018c6ae3a7a2957582a92007,0,0,0,0,0,0
0xd1577805644caa8917a7545bc792f5f9ee16ea39,0,0,0,0,0,0
0x2725922990951b53ed0aaab655b17a40cac15d06,0,0,0,0,0,0
0x205adb5a9e7254c254f9cc4666df491135c2549b,0,0,0,0,0,0
0xdebaa696f6ed65c9d26d51f2afb2f323f3c058e1,0,0,0,0,0,0
0x3fd71f280504fd04dffdfbf0811d43c465e290d4,0,0,0,0,0,0
0x1da25d0a242c3b42d6774e0a41d5a142e127f891,0,0,0,0,0,0
0x1882c296ebfa916a0ad194cfa0094c5e0086ba03,0,0,0,0,0,0
0xdbe3e700ab26cbf3523d850b5d892fd17e0ce343,0,0,0,0,0,0
0x6169b3b23e57de79a6146a2170980ceb1f83b9e0,0,0,0,0,0,0
0x5060fcf7d8062cc558bae4187e39f793bffe0f8b,0,0,0,0,0,0
0xc29000a4b1ecd326b6dafae17bda636475fea1e7,0,0,0,0,0,0
0x373849e1dbee104d67afff1b73703de4fd96294e,0,0,0,0,0,0
0x4f03d673bfb6ebdc2f2c656b50c01720a445283b,0,0,0,0,0,0
0xb60501346240fcde1615de56ea9fff1ac1da5673,0,0,0,0,0,0
0x892c8ae31c809a2e9dea97e10d09457a685c8e15,0,0,0,0,0,0
0xb699dab9b3f981a01abc0474f085427d20d0d602,0,0,0,0,0,0
0x9dab87a99c6b5c516332894331a442ea2890126c,0,0,0,0,0,0
0x734c5f3f8f6ad9697b26ecc6388678aafd3db3b2,0,0,0,0,0,0
0x906cab9466e07ac0424a2831832d42cabd9eb2bc,0,0,0,0,0,0
0xe8a7da5c28ab1b29c4389b864fa890e225ddd6c8,0,0,0,0,0,0
0xd9294bdb1a11d61de047de5b8034b20bc7eaab79,0,0,0,0,0,0
0xab7440b61a7034cea7cbff5aecea1ef5c58f0800,0,0,0,0,0,0
0x2a9718deff471f3bb91fa0eceab14154f150a385,0,0,0,0,0,0
0x893c25c46bfaa9b66cd557837d32af3fe264a07b,0,0,0,0,0,0
0xb0a2416fd12711cbcfafb429031c0f7037fab970,0,0,0,0,0,0
0xb64e638e60d154b43f660a6bf8fd8a3b249a6a21,0,0,0,0,0,0
0xb926beb62d7a680406e06327c87307c1ffc4ab09,0,0,0,0,0,0
0xf9f89ef3c1b96a662db5fc9184dbf6ca1416dfe5,0,0,0,0,0,0
0xba7c07fe1f6e6e540b50b13373052f10976f5510,0,0,0,0,0,0
0x002b7eb62922840be98d97441804d1fccd735c35,0,0,0,0,0,0
0x47f6c1f8e2e3b9df29011dcadac9709abe518d00,0,0,0,0,0,0
0x1337ace33c2b3fc17d85f33dbd0ed73a896148b5,0,0,0,0,0,0
0x875ce921d49275551f9c707398d7219ec68cd3e15,0,0,0,0,0,0
0xf6781a28cebab692ad3e05b480f29d281d2f4976,0,0,0,0,0,0
0xd83dd93420cf661284de70024da954db1a0f495b,0,0,0,0,0,0
0xb49988a9ecbf0455b3b43fff7e64960d8399ccb8,0,0,0,0,0,0
0x1d249e02fb188447c73127fee4cc3e5adb7556a3,0,0,0,0,0,0
0x43f595a9a438f0f26bae8458ca29d4ceb5e0c143,0,0,0,0,0,0
0x5a0136bb528d950112645f44551bc63879d6f0f3,0,0,0,0,0,0
0x8cef274596d334ffa10f8976a920ddc81ba6e29b,0,0,0,0,0,0
0x8012c4ea23e8f164d38c4cacd841fa31a83808e2,0,0,0,0,0,0
0x2e74ee4fc4466d0883ef5e12a0ce344bfe15be8d,0,0,0,0,0,0
0xf750a26eb0acf95556e8529e72ed530f3b60f348,0,0,0,0,0,0
0x7a413a278c230e87858ca1cecf3036cd3d1808bf,0,0,0,0,0,0
0xb872057ee478b3eb77e74c9aa7b50fe4ed650e58,0,0,0,0,0,0
0x05782260ca6bf56c33eaa386741b6e277001a5ad,0,0,0,0,0,0
0x96a938d3a91e864cc9f342b8b5cfce06d0bc8cea,0,0,0,0,0,0
0x184392f0f03ca11186722f38a04c15c3a90155d3,0,0,0,0,0,0
0xb74ed4112c23b7c8ef1439fa55d304d537c5599b,0,0,0,0,0,0
0x8bfc1c564e4490790dfac641c9a0fecd3f91f584,0,0,0,0,0,0
0x1991501f1398663f69dd7391c055bb0df6514f76,0,0,0,0,0,0
0xb99172949554e6c10c28c880ec0306d2a9d5c753,0,0,0,0,0,0
0x29f920ddc62fe53711a5c8b8ff16fa5c75ca12a3,0,0,0,0,0,0
0x10e76264489cdf4b4011f79086d0bb6b55775e79,0,0,0,0,0,0
0x4e8a9d0bf525d78fd9e0c88710099f227f6924cf,0,0,0,0,0,0
0x34e942859469c9db9c22f4eaf866e2c2401bb795,0,0,0,0,0,0
0x1b9e14122cb416845f0f21967f38b5c3e74de774,0,0,0,0,0,0
0x770a00b4978c8c19bc6515d36297e5dc3025e5f5,0,0,0,0,0,0
0xf017e2773e4ee0590c81d79ccbcf1b2de1d22877,0,0,0,0,0,0
0x3b4443f97b37a6ef864c3f0f1632e366b4f1d20f,0,0,0,0,0,0
0xc0994af94fee0361a1e1e1ccf72bce19d5fd86fb,0,0,0,0,0,0
0x71122b3aadce1ef7bc5bb4a2a644af0b478af548,0,0,0,0,0,0
0x2ba6204c23fbd5698ed90abc911de263e5f41266,0,0,0,0,0,0
0x7efa745a05e5edde8a22ec2a4d887393bc340af1,0,0,0,0,0,0
0xb0557906c617f0048A700758606f64b33D0C41A6,0,0,0,0,0,0
0x0e262b466c1d357074a37256c151263a702bff36,0,0,0,0,0,0
0xd35f9ab96d04adb02fd549ef6a576ce4e2c1d935,0,0,0,0,0,0
0xdC4cB4C3587532409A4545AA79A15d967BED1C08,0,0,0,0,0,0
0x8bd0e87273364ebbe3482efc166f7e0d34d82c25,0,0,0,0,0,0
0xbb92b9d18db99c3695bc820bf2c876d4b1527fa5,0,0,0,0,0,0
0xb9f0a9a59a44577631680c7bc0846b85234f7473,0,0,0,0,0,0
0xe6b4107932b81dfc41bbe60df68f1ae27ad3fbfa,0,0,0,0,0,0
0xe87e500ab4939e08ae9c9cd2f2815d7fe877df25,0,0,0,0,0,0
0xfbc63210a0f9d9529dbcb03bddd83be0e1f29cb3,0,0,0,0,0,0
0xf33f6e51f3986a848217df8624ae915df5a5353b,0,0,0,0,0,0
0x9f591bf1798852c08af0a82cb9df36cf5efe47ce,0,0,0,0,0,0
0xaf1f4867dd7989e1fddd9c2cc2abc24400dd0330,0,0,0,0,0,0
0xa3c55d9726c17c0587da7a730a0afa6015356ca6,0,0,0,0,0,0
0xe856f40ed9b8a7cb5c71500d068f4488618aba39,0,0,0,0,0,0
0x510a8be08904f5561720b887dfca85ac34219e4d,0,0,0,0,0,0
0x0e5691edf0f1e25db32ea91b1e8157d7f0a50beb,0,0,0,0,0,0
0x741d56756eacd098e5d033ec316e7bb19b2910d6,0,0,0,0,0,0
0x512dcf44eeaf1a763b231a65d7b26442029d31d8,0,0,0,0,0,0
0x8f19fd7b1940d5455419320d93b3e83eb59237ca,0,0,0,0,0,0
0x180b2b9034f46e0f0ac51edd7fe5f4393b7098b6,0,0,0,0,0,0
0xd8865c6d36dba1da1efa6d31c00baa0df0c7c2d8,0,0,0,0,0,0
0x7ea700e614e95aaf00a613bf2f2a3e45c9ab9c0b,0,0,0,0,0,0
0x0828f678c2d81fe0c39763dc37f22281357ce0b9,0,0,0,0,0,0
0xb6dab763a7fcdabf6691b0b7be4b1deb4577e261,0,0,0,0,0,0
0xb6dedfd2b93fb04ad918bdb7cf07f079f3d24b06,0,0,0,0,0,0
0x403d4aaed6bb8a75d5ae40dd85b1bf1d250629ab,0,0,0,0,0,0
0xd6005021f0bea1367dcd1502a0551f9be987fcd9,0,0,0,0,0,0
0xbb49d1da6f2d3f9982d4594d03320188174d135c,0,0,0,0,0,0
0x2a3374d382d4ddd7d022713accb16d38b60ef819,0,0,0,0,0,0
0x5afd47249f8cf82d3e35f1ed88dcddd245d6c946,0,0,0,0,0,0
0x8e6b4e2ebabfd5aff1e880dc28f268a7e1ea80ee,0,0,0,0,0,0
0xc9ee6910661068be59fa77f68d7dd7e0540dedbf,0,0,0,0,0,0
0x0db403a1c614034643c4b296730edd1087b7f3dd,0,0,0,0,0,0
0x949c246500c7cf1fbc177d03c94f23ccbaf0c13c,0,0,0,0,0,0
0x3e384c33a39af1437be55d10034418bf204feb6a,0,0,0,0,0,0
0x3d0e0072452c3bf688bed0663ad704cade06a840,0,0,0,0,0,0
0x1b2fc85479f17ff72a0b0fcecdc43dd8fc965850,0,0,0,0,0,0
0x21ec484e79a360ac66c7ab284e99a9e83a9ccd8d,0,0,0,0,0,0
0x9739a6e18ef75e529ec41f82a4f281b42128b996,0,0,0,0,0,0
0x62be34ec0147e5804f19239021f6117216fcdffc,0,0,0,0,0,0
0x1f14f081a36bb8c17293a25d09a3e43bc988298d,0,0,0,0,0,0
0x052905446647f54c4280bb1af9b0037fb633a012,0,0,0,0,0,0
0x3121a5c0d014714b0b82d6e017bc2112c7f5a8d1,0,0,0,0,0,0
0xd7e7cbbde0c6b360e1810321ecac3f8ff9130231,0,0,0,0,0,0
0xf73eaca9f09ccd39c22d2659780ed6bd37b6249c,0,0,0,0,0,0
0x0592ca97c190643f0bf8d20ded44e9a8de977ba5,0,0,0,0,0,0
0xb2a2ed50e2436eae7c7b25e327f2c1f9d99fa8ec,0,0,0,0,0,0
0xee8d8b1e79bd91f1b8cf61fcfbcf0042f880ea3e,0,0,0,0,0,0
0xb81baf3b5aea023070ecc2454d50765011423250,0,0,0,0,0,0
0x3804240913925c4767fa054ed9d78526c9b38bfd,0,0,0,0,0,0
0xace967a43db01ac6e69c84f33212e7e3ffcd8022,0,0,0,0,0,0
0x71138eb2e268a0ddeafbd044f60212adfdeebd25,0,0,0,0,0,0
0x5d837f7bcd88e52ab5e6914e7c2f94c1e3f05d8c,0,0,0,0,0,0
0x0f57193087da18c56cdb653454e86b0f3987d6a4,0,0,0,0,0,0
0xb3a447793b3feaa7341a454a8b187afe0e28e1f4,0,0,0,0,0,0
0xc510ca3e613cc81259de1480d148e03c7178a68d,0,0,0,0,0,0
0xe589495eb9fad37b47055fdbd17b340516def224,0,0,0,0,0,0
0xf5519ae8bd8ca3a6ccc302eed43680a9f0081063,0,0,0,0,0,0
0x10be3d411c73254829ca0a7cbfefd01f5929c7cd,0,0,0,0,0,0
0x2742b75538bff9fda0cc083468a2e4623adc3e53,0,0,0,0,0,0
0x02b4823c019e1634331402a1b719793062d4ea66,0,0,0,0,0,0
0xd1b2efdfd91c796f87fab765cff9084fdab5fedb,0,0,0,0,0,0
0xa78e94accc958a3cfd728b33b5e89c2af71eeffc,0,0,0,0,0,0
0xc4f4b63733b4ed220f4a6b3db1d32b5cb8ce98d9,0,0,0,0,0,0
0x356838779e8a11fc7013db2d4e0f7c1722865cf1,0,0,0,0,0,0
0x9028418bbf045fcfe85a3d44ab8054712d98872b,0,0,0,0,0,0
0xd929c91f5364c2740cc6856cf80942072bdef7f6,0,0,0,0,0,0
0x1f040f15ab15b7e0dfac935873fadbe43d015535,0,0,0,0,0,0
0x9fdfb9c375112b90e97b344bcde73ccde840db92,0,0,0,0,0,0
0x7189552259683e6d9a4c5ba9a3855b74e4031473,0,0,0,0,0,0
0x7c183197f876df31294b6f493c6eb7fe1ef786a9,0,0,0,0,0,0
0xb9e96baf4953796e322789f586ab51003b74ffbf,0,0,0,0,0,0
0xfd4c532a8c17bd326c2dc63b88d49306ce27f80b,0,0,0,0,0,0
0xd2ecdca39bbd8b4dd456780a542a4f9de575313c,0,0,0,0,0,0
0x73a0130b58595cd0865b61da447296cdfe97f991,0,0,0,0,0,0
0x394491b6d8016c233435e1bdcb8b41a7a0c66408,0,0,0,0,0,0
0xdad1baae92238f4aadc892faa2d3075a621bc51e,0,0,0,0,0,0
0xa62d8758ebc441cdb7e2a22997ed701f60ede167,0,0,0,0,0,0
0x3d2d7cc04295845957889959b7229c5a6017531f,0,0,0,0,0,0
0x0b7dc561777842d55163e0f48886295aad1359b9,0,0,0,0,0,0
0x1c0294b8a8ae3d64d8629de723cb9e44f5f12c63,0,0,0,0,0,0
0x3bab61ad5d103bb5b203c9092eb3a5e11677a5d0,0,0,0,0,0,0
0x4a5fad6631fd3df66f23519608185cb96e9a687d,0,0,0,0,0,0
0x58b5c4697dc70f3d889225260944cdd9c270c132,0,0,0,0,0,0
0x9603a3d3dcccf5ef1a2060a3da796ac084cc66eb,0,0,0,0,0,0
0xac6a41a0a06b2aaedaa6187bed974e1fe6cb21d2,0,0,0,0,0,0
0xcaee79616cffeb53fdda5792742a5c084f879dec,0,0,0,0,0,0
0xcf8b4e69707e22dc5062f80576d9f069275ed1b5,0,0,0,0,0,0
0xcdffaa452ecb38639e40aa31b719178e074d7cf6,0,0,0,0,0,0
0x6c92ccc3793b8bc77d299403f2bca035fe94c6fc,0,0,0,0,0,0
0x92b5df8a561d47cc4f6f9ddce08c1ac54d20cb03,0,0,0,0,0,0
0xee6cacddd3a9370d87db581ee6728226883578e5,0,0,0,0,0,0
0x74ddd251aa2037be101bf53f655716b1734828cd,0,0,0,0,0,0
0x3dde01a467f99e58f996de835058c767a3edd2ac,0,0,0,0,0,0
0x4bed6c95aef12f6c3e680132ba17b7fdfb79db7d,0,0,0,0,0,0
0xdfe6891ce8e5a5c7cf54ffde406a6c2c54145f71,0,0,0,0,0,0
0x2248ba304d2045cdc144866ce37d1435a30b29f3,0,0,0,0,0,0
0xc0e6ad13bd58413ed308729b688d601243e1cf77,0,0,0,0,0,0
0x297817ce1a8de777e7ddbed86c3b7f9dc9349f2c,0,0,0,0,0,0
