Title,Num_Of_Prev_Drops,Whitepaper,Requirement_Count,Guide_Length,Social_Media_Count,is_scam
Thruster,0,1,0,12,3,0
Rabby Wallet,0,0,0,15,5,0
Token Metrics,0,0,1,4,6,0
Tari,0,1,0,8,8,0
Imaginary Ones,0,1,1,8,6,0
Glacier Network,0,1,0,18,5,0
Zyfi,0,1,0,13,4,0
Aethir,0,1,0,11,3,0
Storm Trade,0,1,1,9,2,0
Holograph,0,1,0,8,4,0
Phaver,1,1,0,16,6,0
EigenLayer,0,1,0,15,3,0
Elfin,0,1,0,10,7,0
Masa,0,1,0,14,7,0
SpaceCatch,0,1,1,9,7,0
Mande Network,0,1,0,10,4,0
Xtremeverse,0,1,0,9,3,0
Fyde,0,1,0,10,4,0
Ekubo,0,1,0,7,5,0
CAGA,0,1,1,8,5,0
Sanctum,0,0,0,19,3,0
zkPass,0,0,2,8,5,0
Nyan Heroes,0,1,0,9,5,0
My Lovely Planet,0,1,0,7,4,0
Tabi,0,1,0,11,6,0
Mode,0,1,0,24,7,0
Particle Network,0,1,0,17,4,0
XSwap,0,1,0,11,7,0
ZeroLend,0,1,0,9,6,0
Aperture Finance,0,1,0,12,5,0
Primex,1,1,0,20,5,0
MYTH,0,1,2,5,4,0
Immutable,1,1,0,22,9,0
Drift Protocol,0,0,0,11,5,0
Another-1,0,1,3,10,5,0
Raiinmaker,0,1,3,9,5,0
Renzo,0,1,0,22,5,0
Blackwing,0,1,0,11,4,0
Kamino,0,1,0,14,7,0
Saltwater Games,0,1,2,10,6,0
UpRock,0,1,1,9,3,0
LunarStorm,0,1,3,5,6,0
Revolving Games,0,0,0,8,4,0
PlanetQuest,0,1,1,12,4,0
Zoth,0,1,0,12,5,0
IntentX,0,1,0,14,4,0
BeFi Labs,0,1,0,5,6,0
Reya Network,0,1,0,11,4,0
Moongate,0,1,1,11,5,0
Sophon,0,0,0,5,2,0
Pixelverse,0,0,1,8,5,0
Apillon,0,1,1,10,5,0
Bemo,0,1,0,11,3,0
MilkyWay,0,1,0,10,6,0
Astaria,0,1,0,11,5,0
BSX,0,0,0,9,4,0
OrangeLayer,0,1,0,7,3,0
InceptionLRT,0,1,0,9,5,0
MANTRA,0,1,0,6,8,0
BounceBit,0,1,0,12,4,0
BlastOff,0,1,0,13,4,0
Soarchain,0,1,0,19,6,0
Elixir,0,1,0,15,4,0
Omni Network,0,1,0,15,8,0
Solv Protocol,0,1,0,13,5,0
Planet Mojo,0,0,2,5,5,0
Parcl,0,1,0,17,6,0
DTX,0,1,0,15,4,0
Cryptopia,0,1,1,10,6,0
Ultimate Digits,0,1,0,6,4,0
Zeta,0,1,0,13,4,0
MPRO Lab,0,1,1,5,5,0
Juice,0,1,0,18,5,0
deBridge,0,1,0,11,8,0
Karak,0,1,0,12,5,0
RedStone,0,1,2,11,5,0
Tensor,0,1,0,8,6,0
Pac Finance,0,1,0,13,3,0
OverTrip,0,0,2,7,2,0
BlockGames,0,0,0,10,7,0
Grass,0,1,0,14,3,0
Warden Protocol,0,1,0,11,6,0
Base Name Service,0,1,0,11,3,0
Scallop,0,1,0,11,5,0
SynFutures,0,1,0,15,5,0
Orderly Network,0,1,0,8,4,0
StarryNift,0,1,0,12,5,0
Wormhole,0,1,0,11,9,0
Hava Coin,0,1,0,6,4,0
Battle Showdown: Gambit,0,1,1,13,6,0
Ethena,0,1,0,16,8,0
Nibiru Chain,0,1,0,7,9,0
Data Ownership Protocol,0,1,0,7,4,0
Pryzm,0,1,0,8,5,0
COTI,0,1,0,12,11,0
A51,0,1,0,9,6,0
ZKE Exchange,0,0,1,10,4,0
Sharpe,0,1,1,11,5,0
Aries Markets,0,1,0,16,4,0
Elys Network,0,1,0,9,6,0
Haven1,0,1,0,13,6,0
Helix,0,0,0,9,4,0
Kelp DAO,0,1,0,13,4,0
mySwap,0,0,0,6,4,0
Braavos,0,1,0,7,5,0
Tortuga Finance,0,1,0,11,3,0
BNB Chain,0,1,0,25,9,0
Aptin Finance,0,1,0,10,5,0
UniRouter,0,1,2,5,4,0
Aptos,0,1,0,10,9,0
beoble,0,1,0,10,6,0
Param Gaming,0,0,1,9,3,0
XYRO,0,0,0,9,4,0
Plena,0,0,1,7,7,0
Polyhedra Network,0,1,0,7,4,0
ether.fi,0,1,0,12,6,0
DFlow,0,1,0,10,3,0
zkLend,0,1,0,16,5,0
Defispot,0,1,0,12,3,0
CyberConnect,1,1,0,29,8,0
Boson Protocol,0,1,0,10,9,0
Metis,0,1,0,7,12,0
DistrictOne,0,1,0,16,3,0
Layer3,0,1,0,8,3,0
Entangle,0,1,0,11,3,0
Panther Protocol,0,1,0,12,8,0
Memecoin,0,1,1,6,6,0
Teller,0,1,0,10,5,0
Gomble Games,0,1,0,7,4,0
Parallel Network,0,1,0,14,4,0
Ouinex,0,1,2,8,5,0
Mocaverse,0,0,0,11,4,0
Venom,0,1,0,3,5,0
SYNTHR,0,1,0,13,4,0
Wen Exchange,0,1,0,8,3,0
YOLO Games,0,1,0,14,3,0
Aark Digital,1,1,2,27,5,0
Lava,0,1,1,12,4,0
Blast,0,0,0,19,3,0
InvArch,0,0,0,9,6,0
KiloEx,0,1,0,9,5,0
Avantis,0,1,0,11,4,0
Zircuit,0,1,0,20,3,0
Hana Network,0,0,0,9,4,0
tea,0,1,0,10,6,0
MetaStreet,0,1,0,15,5,0
NuLink,0,1,1,9,5,0
Ambit Finance,0,1,0,14,5,0
Smart Layer,0,1,1,9,8,0
MON Protocol,0,0,1,10,2,0
Rio Network,0,1,0,10,4,0
Optimism,1,1,0,21,8,0
Blaster,0,0,0,8,3,0
StarkNet,0,1,0,16,8,0
AltLayer,0,1,0,9,8,0
Pixels,1,1,0,22,7,0
Kinetix Finance,0,1,0,9,6,0
Aftermath Finance,0,1,0,10,4,0
AVNU,0,1,0,10,5,0
Bluefin,0,1,0,13,5,0
Overlay Protocol,0,1,0,9,4,0
ClayStack,0,1,0,10,4,0
Retro Bridge,0,1,0,13,5,0
Dymension,0,1,0,20,6,0
INIT Capital,0,1,0,12,4,0
B² Network,0,1,0,13,6,0
Pike,0,1,0,12,4,0
ZetaChain,1,1,0,22,9,0
Partisia Blockchain,0,1,0,8,8,0
Jupiter,0,1,0,13,6,0
Aether,0,0,0,9,3,0
Nostra,0,1,0,14,4,0
edeXa,1,1,0,23,4,0
Undeads,0,1,0,9,7,0
Aether Games,0,1,0,17,6,0
Dmail Network,0,1,0,15,6,0
Presearch,1,1,0,17,10,0
Bitcoin Virtual Machine,0,1,0,10,2,0
StackingDAO,0,1,0,10,5,0
NAVI Protocol,0,1,0,9,5,0
Mind Network,0,1,0,12,8,0
XION,0,1,0,13,4,0
Ready To Fight,0,0,0,28,5,0
BRC-20 DEX,0,1,0,14,5,0
Web3Go,0,1,0,8,6,0
Berachain,0,1,0,19,6,0
Synonym,0,1,0,13,2,0
eesee,0,1,1,9,5,0
Unigraph Protocol,0,0,0,14,5,0
Virtual Labs,0,1,0,15,4,0
Manta Network,1,1,0,33,6,0
Sound.xyz,0,1,0,10,4,0
Reveel,0,1,0,8,4,0
Rain.fi,0,1,0,9,3,0
CARV,0,1,0,14,7,0
Swell,0,1,0,12,5,0
Frame,0,1,1,8,3,0
TeleportDAO,0,1,0,14,3,0
Seamless Protocol,0,1,0,31,8,0
BRC20,0,1,0,14,4,0
Kinza Finance,0,1,0,10,6,0
Elusiv,0,1,0,9,5,0
Phoenix,0,1,0,7,3,0
Marinade,0,0,0,9,7,0
Jito,0,1,0,8,7,0
Term Structure,0,1,0,9,5,0
Affine,0,1,0,7,6,0
NovaDEX,0,1,0,10,5,0
Futureverse,0,1,0,7,3,0
Script Network,1,1,1,24,5,0
Hinkal,0,1,0,11,5,0
Patex,0,0,0,12,6,0
Pyth Network,0,1,0,26,9,0
Meuna,0,1,0,11,4,0
Satori,0,1,0,10,4,0
marginfi,0,1,0,10,6,0
Scroll Name Service,0,0,0,8,2,0
Aori,0,1,0,8,5,0
GRVT,0,0,1,6,5,0
ShanHai,0,1,1,7,5,0
Tezos Domains,1,1,0,16,6,0
Derivio,0,1,0,8,4,0
Celestia,0,1,0,23,7,0
Base,0,1,0,12,4,0
BlueLight,0,1,1,9,9,0
Forcefi,0,1,0,5,3,0
Verida,0,1,1,8,9,0
Xai,0,1,0,10,4,0
Omni,0,1,0,10,5,0
Mangrove,0,1,0,7,5,0
Altitude,0,1,0,10,5,0
Ambient,0,1,0,10,5,0
Connext,1,1,0,15,9,0
Clipper,1,1,0,14,6,0
MoonlandMeta,0,0,0,7,6,0
Basilisk,0,1,0,10,5,0
Lightlink,0,1,0,10,3,0
Extra Finance,0,1,0,12,7,0
Hord,1,1,0,13,7,0
Chainflip,0,1,0,8,4,0
Web3Eco,0,0,0,11,5,0
Hubble Exchange,0,1,0,9,5,0
HMX,0,1,0,14,7,0
MELD,0,1,2,10,11,0
Worldcoin,0,1,2,14,7,0
DX25,0,1,1,12,6,0
Tsunami Finance,0,1,0,6,3,0
TapiocaDAO,0,1,0,11,3,0
Archway,0,1,0,11,7,0
zkSync id,0,1,0,8,6,0
Polygon zkEVM,0,0,0,12,8,0
Diva,0,1,0,10,5,0
Vela Exchange,1,1,0,16,9,0
Letit,0,1,4,12,7,0
WhiteBIT,3,0,1,30,6,0
Maverick Protocol,1,1,0,25,9,0
Tevaera,0,0,0,17,6,0
Velar,0,1,0,9,5,0
LunaFi,0,1,0,16,6,0
DBOE,0,0,1,8,5,0
Range Protocol,0,0,0,7,4,0
Cedro Finance,0,1,0,10,5,0
DigiFinex,0,0,0,9,6,0
BYDFi,0,0,0,8,7,0
Magic Square,0,1,0,6,8,0
StarkNet ID,0,1,0,12,3,0
MUFEX,0,1,0,11,6,0
Foxify,0,1,0,5,4,0
PulseChain,0,0,0,7,3,0
Housebets.io,0,1,0,11,4,0
DexCheck,0,1,1,7,5,0
Rebel Bots,0,1,1,11,11,0
Cashmere,0,1,0,12,7,0
5ireChain,0,1,0,9,6,0
EtherMail,0,0,1,10,3,0
zkSync Name Service,0,0,0,11,3,0
Yum Yum,0,1,1,9,6,0
ZKX,0,0,0,8,4,0
Increment,0,1,0,17,5,0
The Lost Wallet,0,0,0,11,3,0
Sui,0,1,0,10,5,0
Linea,0,1,0,21,3,0
Polynomial Protocol,0,1,0,8,3,0
LimeWire,1,0,1,11,4,0
SyncSwap,0,1,0,16,4,0
SPACE ID,2,1,0,40,7,0
Daoversal,0,0,3,6,6,0
Velvet.Capital,0,1,0,7,6,0
Huma Finance,0,1,0,12,4,0
SnowCone,0,1,0,11,6,0
Arbitrum,1,0,0,23,7,0
Quasar,0,1,0,7,4,0
Dune Analytics,0,1,1,8,4,0
Legends of Elysium,0,1,1,11,7,0
Tide Exchange,0,1,0,9,4,0
AlienSwap,0,0,0,6,4,0
ZigZag,0,0,0,18,7,0
Collab.Land,0,0,0,14,4,0
Nexon Finance,0,1,0,9,5,0
EZ Finance,0,0,0,9,2,0
Olive,0,1,0,6,5,0
Enchanter Finance,0,0,0,7,4,0
Mayan,0,1,0,6,5,0
Biokript,0,1,1,6,4,0
Sudoswap,1,0,0,14,3,0
Timeless,0,1,0,6,7,0
SupraOracles,0,1,2,8,6,0
IPOR,0,1,0,10,9,0
Neptune Mutual,0,1,0,7,7,0
NFT3,0,0,0,8,6,0
Demex,0,1,0,7,4,0
Taiko,0,1,0,10,5,0
Specular,0,1,0,7,2,0
Hashstack,0,1,0,8,5,0
Brine,0,0,0,15,5,0
V2X,0,0,0,9,4,0
Supernova,0,1,0,9,5,0
Bebop,0,0,0,7,4,0
nftperp,0,0,0,7,4,0
KwikTrust,0,1,3,9,5,0
Phi,0,1,0,7,4,0
Plenty,0,1,0,7,5,0
Swing,0,1,0,8,5,0
Spectrum Finance,0,1,0,8,7,0
Harbor Protocol,1,0,0,21,2,0
Sentiment,0,1,0,10,4,0
Vertex,0,1,0,9,5,0
Voltz,0,1,0,6,3,0
objkt.com,0,0,0,7,3,0
TiTi Protocol,0,1,0,9,6,0
JediSwap,0,0,0,6,4,0
Uniswap,0,1,0,14,9,0
Across,1,1,0,17,3,0
Mean Finance,0,1,0,8,4,0
Key App,0,0,2,6,3,0
ParaSpace,0,1,0,10,2,0
Layerswap,0,0,0,7,4,0
Scroll,0,1,0,16,4,0
Aboard,0,1,0,6,6,0
MUN,0,1,0,9,3,0
Via Protocol,0,1,0,7,5,0
ChainHop,0,1,0,9,3,0
Cega,0,1,0,7,4,0
MTG,0,0,1,7,3,0
Arrakis Finance,0,1,0,8,6,0
Dolomite,0,1,0,7,7,0
Deepwaters,0,1,0,7,4,0
BlueMove,0,1,0,6,7,0
OptiFi,0,1,0,8,4,0
Alpha Road,0,0,0,7,5,0
Sei,0,1,1,8,7,0
OpenChat,0,1,0,7,3,0
Shardeum,0,1,0,15,7,0
RabbitX,0,0,1,7,3,0
The Granary,0,0,0,6,4,0
Metaplex,0,1,0,10,6,0
Rage Trade,0,0,0,7,5,0
LayerZero,0,1,0,11,6,0
Pontem,0,0,0,10,7,0
Onomy Protocol,0,1,0,14,6,0
Blur,0,0,0,7,3,0
Trustless,0,1,0,12,5,0
Commodo,0,0,0,9,4,0
Stratos,0,0,0,5,3,0
Teritori,0,1,0,8,4,0
XEN Crypto,0,1,0,7,7,0
Binance Account Bound (BAB),0,0,2,14,2,0
ZKEX,0,1,0,10,5,0
Helio Protocol,0,1,0,8,6,0
Karate Combat,0,1,1,4,5,0
Conic Finance,0,1,0,9,6,0
HTX,6,0,0,61,8,0
Odos,0,0,0,8,3,0
Ragnar Protocol,0,1,1,12,4,0
AllStars Digital,0,1,4,8,7,0
KuCoin,4,0,0,56,7,0
Rubic x Symbiosis x Boba,5,1,1,43,11,0
Xiroverse,0,0,1,4,4,0
Terran Coin,0,0,7,9,8,0
Quai Network,0,1,2,12,6,0
Dogechain,0,1,0,10,6,0
Portal,0,1,0,7,4,0
Cornerstone,0,0,0,10,5,0
Stride,0,1,0,12,4,0
Composable Finance,0,1,0,4,7,0
Tegro,0,0,1,5,3,0
Quix,0,0,0,5,3,0
Bungee,0,0,0,6,4,0
StormGain,0,0,2,11,5,0
LI.FI,0,1,0,11,6,0
Tally Ho,0,1,0,6,4,0
Forta,0,1,0,12,8,0
Sweat Economy,0,1,2,5,6,0
ZORA,0,1,0,8,4,0
Velodrome,0,1,0,13,5,0
Chains,0,1,3,8,7,0
DAO Labs,1,0,4,35,6,0
0VIX,0,0,0,5,5,0
Bonq,0,1,0,6,5,0
Epsylon,0,0,0,5,4,0
Ledn,0,0,2,7,3,0
RealMe,0,0,2,7,3,0
Matrix,0,1,0,6,5,0
Retrograde,0,1,0,5,4,0
Hop Protocol,1,1,0,12,5,0
Gem,0,0,0,6,3,0
Lend Flare,0,1,0,5,8,0
Leap Wallet,0,1,0,11,5,0
Bridgesplit,0,0,0,5,4,0
Fractional,0,0,0,5,5,0
Nebula Protocol,0,0,0,5,6,0
Styllar,0,0,0,8,4,0
Crescent Network,0,1,0,10,6,0
Tangible,0,0,1,26,6,0
Taki,0,0,1,5,4,0
ioTube,0,0,0,6,4,0
YoBit,0,0,1,6,4,0
Void Protocol,0,0,0,7,5,0
VINCI,0,1,3,6,6,0
Element Finance,1,1,0,16,6,0
LandDAO,0,1,0,11,3,0
cheqd,0,1,0,7,10,0
Unagii,0,1,0,6,4,0
Nested,0,1,0,5,6,0
AssetMantle,0,0,0,16,7,0
Morpher,0,1,2,12,8,0
Mars Protocol,0,1,0,9,7,0
Findora,0,1,4,10,10,0
LikeCoin,0,1,0,9,6,0
Fuji DAO,0,1,0,5,5,0
Diffusion Finance,0,0,0,12,6,0
pSTAKE Finance,0,1,0,15,11,0
PartyBid,0,0,0,6,4,0
Frax,0,1,0,7,4,0
Craft Economy,0,0,0,10,3,0
X2Y2,0,1,0,7,6,0
ThetaNuts Finance,0,0,0,6,5,0
CowSwap,1,1,0,12,4,0
Orbiter Finance,0,0,0,7,5,0
GameInfinity,1,0,0,33,6,0
Katana,0,0,0,5,4,0
Stargaze,0,0,0,8,9,0
Trust Domains,0,0,0,6,6,0
Fraktal,0,1,0,8,3,0
Votium,0,0,0,7,5,0
Nomic,0,0,0,6,5,0
Friktion,0,1,0,5,4,0
WhaleFin,0,0,2,10,4,0
Sonic,0,0,0,6,5,0
Quarry,0,0,0,5,5,0
OmniFlix,0,0,0,13,6,0
Chic Cow & Bullzz,0,0,0,22,4,0
Shell Protocol,0,1,0,7,5,0
Mintbase,0,1,0,6,6,0
Legion Network,0,1,2,7,9,0
Rubicon,0,1,0,6,5,0
Glow,0,1,0,8,4,0
Coinhall,0,0,0,7,3,0
LooksRare,0,1,0,10,7,0
StellarX,0,0,0,5,3,0
Coreum,0,1,0,7,5,0
Gas DAO,0,0,0,8,7,0
Astroport,0,1,0,6,7,0
Aztec,0,1,0,11,6,0
Terra Name Service,0,0,0,7,4,0
Lum Network,0,1,0,10,6,0
Francium,0,1,0,6,6,0
ICON,0,1,0,9,10,0
Paras,0,1,0,8,6,0
IOTA,0,1,0,11,9,0
iExec,2,1,0,22,11,0
Comdex,0,1,0,7,5,0
Volmex,0,1,0,8,4,0
Hangry Animals,0,1,1,4,8,0
Argent,0,0,1,6,5,0
Limocoinswap,0,1,5,9,4,0
Socean,0,1,0,5,5,0
Terra World,0,1,0,8,7,0
Superfluid,0,1,0,5,5,0
Hardcore FC,0,1,3,8,6,0
Hedgehog Markets,0,1,0,6,5,0
Sablier,0,1,0,5,5,0
Desmos,0,1,0,15,5,0
Atrix,0,0,0,5,4,0
Instrumental Finance,0,0,0,7,4,0
TokenSets,0,1,0,7,4,0
Spintop,0,1,3,7,6,0
Phantom,0,1,0,8,3,0
DeBank,0,0,0,7,6,0
Aquarius,0,0,0,7,9,0
Saddle Finance,1,1,0,10,6,0
DexGuru,0,1,0,7,5,0
ParaSwap,1,1,0,20,7,0
Matcha,0,0,0,7,4,0
Solanart,0,0,0,5,3,0
Foundation,0,0,0,5,2,0
Digital Arms,0,1,1,6,5,0
Gro Protocol,0,1,0,7,9,0
Gridlock,1,0,1,12,5,0
Paladin,0,1,0,6,5,0
Apricot Finance,0,1,0,5,6,0
Sologenic,0,1,0,7,8,0
TerraFloki,0,1,0,10,5,0
DeFi Saver,0,0,0,5,5,0
OneOf,0,0,1,5,7,0
Zerion,0,0,0,7,7,0
BitYard,1,0,2,12,6,0
Zapper,0,1,0,6,4,0
HUMAN Protocol,0,1,1,8,9,0
Gaia EverWorld,1,0,0,11,5,0
Sportemon Go,0,1,1,4,7,0
Yield Protocol,0,1,0,5,4,0
Cozy Finance,0,1,0,5,3,0
Timeswap,0,1,0,7,5,0
Terra Land,0,0,0,7,8,0
Opyn,0,0,0,7,4,0
Symmetry,0,0,0,5,5,0
Apollo DAO,0,0,0,6,4,0
Solend,0,1,0,5,4,0
Terraswap,0,1,0,5,3,0
Talis Protocol,0,1,0,6,4,0
Flare Finance,1,1,0,13,6,0
Polymarket,0,1,0,5,5,0
zkSync,0,1,0,18,6,0
Valkyrie Protocol,0,1,0,14,4,0
Slingshot,0,0,0,6,3,0
OpenSea,0,1,0,5,6,0
Shade Protocol,0,1,0,11,5,0
Roco Finance,0,1,2,6,9,0
Nexo,0,1,2,7,10,0
Backd,0,1,0,5,7,0
Loop,0,1,0,9,3,0
Metamask,0,1,0,10,4,0
Nexus Protocol,0,1,0,7,5,0
Boba Network,0,0,0,8,5,0
Portuma,0,1,1,6,6,0
BrightID,0,1,0,15,6,0
InPoker,0,1,3,12,8,0
Adshares,0,1,2,6,7,0
Thales,0,1,0,14,7,0
Foil Network,0,1,4,8,8,0
Songbird,0,0,0,9,1,0
Tokel,0,1,0,8,9,0
BullionFX,0,0,3,10,7,0
Juno,0,1,0,8,7,0
Bitget,0,0,3,6,8,0
Remitano,0,1,2,6,5,0
Angel Protocol,0,0,0,7,6,0
StarTerra,0,1,0,22,5,0
Blockasset,0,0,1,3,6,0
SuperRare,0,1,0,9,9,0
HAI DAMO,0,1,0,4,5,0
Sunny,0,0,0,10,3,0
WEYU,1,1,2,19,5,0
dYdX,0,1,0,8,6,0
DFyn,0,1,0,7,8,0
Notional,0,1,0,7,5,0
Altair,0,0,0,6,3,0
EmiSwap,0,1,3,21,8,0
ShapeShift,1,1,0,19,10,0
THORSwap,0,0,0,5,5,0
VoltNFT,0,0,1,8,7,0
OpenOcean,0,1,0,8,8,0
NFTb,0,0,0,9,9,0
hi,0,1,1,11,7,0
TAP,0,1,3,7,8,0
Moonbet,0,1,2,4,8,0
Spar Finance,0,0,0,7,7,0
Connect Financial,0,0,0,5,5,0
Osmosis,0,0,0,14,5,0
Pylon Protocol,0,0,0,5,4,0
GemBites,0,1,1,8,4,0
EarnBet,0,0,4,12,10,0
Orion Money,0,0,0,7,6,0
Omni,0,1,3,7,6,0
EmiSwap,0,1,1,9,8,0
Instadapp,0,1,0,10,5,0
Degen’s Farm,0,1,0,5,7,0
Blockster,0,1,1,8,6,0
Skyward Finance,0,1,0,12,4,0
MoonEdge,0,1,3,9,5,0
NEFTiPEDiA,0,1,4,7,8,0
Thorstarter,0,1,2,7,6,0
Arweave,1,1,1,13,10,0
APENFT,0,1,0,8,7,0
EasyBake,0,0,0,6,6,0
Honeyswap,0,0,0,8,8,0
Charged Particles,0,1,0,7,8,0
BarterTrade,0,0,3,5,7,0
Ribbon Finance,0,1,0,7,5,0
ZoidPay,0,1,0,5,6,0
QiSwap,1,1,0,16,9,0
Crypto Thrills,1,0,1,12,3,0
DoRen,0,1,5,6,6,0
SolPAD,0,1,2,9,6,0
Convex Finance,0,1,0,7,7,0
RunNode,0,1,2,8,4,0
Venus,0,1,0,7,4,0
ChainX,0,1,0,7,5,0
Solanium,0,1,2,9,6,0
Impermax Finance,0,1,0,6,10,0
Avalaunch,0,0,0,5,5,0
Etherlite,0,1,0,5,6,0
Badger DAO,1,0,0,14,10,0
Binance,1,1,1,29,9,0
DeversiFi,0,0,0,6,4,0
Bribe,0,0,0,6,5,0
SORA,0,0,0,6,11,0
Maiar Exchange,0,0,0,13,3,0
HOPR,0,1,1,9,10,0
Aladdin,0,0,2,6,5,0
KLOMP,0,0,2,5,4,0
NFTMart,0,1,2,6,4,0
LOTTO,0,0,0,10,9,0
1inch,0,0,0,15,10,0
UMA,0,1,0,12,8,0
VINE Protocol,0,1,4,8,5,0
Opensea Traders,0,0,0,6,1,0
Mofi Finance,0,1,4,10,6,0
POAP,0,0,0,6,6,0
Secret Network,0,1,0,6,10,0
Hydra,0,1,2,12,7,0
My Lotto Coin,0,1,2,8,6,0
Anchor Protocol,0,1,0,7,8,0
Graphene,0,0,0,7,5,0
Utile Network,2,1,3,22,7,0
Donnie Finance,1,1,0,14,7,0
Sperax,0,1,0,9,10,0
PoolTogether,0,1,0,7,9,0
Sifchain,0,1,0,12,6,0
Neutrino Protocol,0,1,0,7,9,0
Bounce,0,1,0,5,7,0
Invest & Hodl,0,1,3,7,5,0
Furucombo,0,1,0,12,9,0
Lido,0,1,0,6,7,0
Chainge,0,0,1,11,6,0
OnX Finance,0,1,0,8,6,0
MarcoPolo Protocol,2,1,2,26,9,0
Phala Network,0,1,0,13,9,0
Mirror Protocol,0,1,0,12,9,0
Numio,0,0,2,7,5,0
Flare,0,1,0,16,3,0
SocialGood,3,1,2,30,7,0
Metex,1,0,1,14,5,0
TomoChain,0,1,0,10,10,0
Audius,0,1,1,8,10,0
SwanFinance,0,0,1,8,7,0
Plutus,0,1,3,8,9,0
DIA,0,1,0,8,8,0
Permission,0,1,2,8,10,0
Massnet,0,1,3,8,6,0
Symbol,0,1,0,10,7,0
Bitcoin Rhodium,0,1,0,9,8,0
Intexcoin,0,1,3,5,6,0
GoodDollar,0,1,3,8,6,0
ARCS,0,1,2,5,7,0
DeFiChain,1,1,0,14,11,0
Cypherium,0,1,0,8,9,0
Handshake,0,1,1,14,7,0
Pcash,0,1,1,6,1,0
SwissBorg,1,1,3,12,11,0
UniWorld,0,1,3,11,7,0
BABB,0,0,3,7,7,0
Apollo,1,1,2,11,6,0
Bitribe,0,0,5,10,6,0
HeroCoin,1,1,2,20,9,0
NowEx,0,0,4,8,3,0
DAO Maker,0,1,3,9,8,0
Escher,0,0,0,0,1,0
Bitbns,0,1,2,5,8,0
Ludena Protocol,0,1,1,12,4,0
PointPay,0,1,6,10,8,0
JUST,0,1,0,9,5,0
Relictum Pro,0,1,7,15,8,0
Storeum,1,1,3,13,6,0
StellarPayGlobal,0,1,3,9,5,0
DRK DeFi,0,1,3,8,4,0
Two Prime,0,1,2,8,3,0
PAC Global,0,1,2,6,7,0
FunderOne,0,1,4,7,4,0
Azbi,0,1,4,5,5,0
Storex,2,0,3,16,4,0
Blockpass,0,1,1,3,10,0
XinFin,0,1,2,5,9,0
1xBit,2,0,0,33,5,0
VNT Chain Labs,0,1,2,5,8,0
ICURY,0,1,3,6,4,0
Swapzone,0,0,3,7,4,0
Tandem,0,1,3,5,6,0
JDX,0,1,4,7,4,0
Global Gaming,0,1,0,7,4,0
Foodecent,0,0,4,12,5,0
NokNok,0,0,2,6,3,0
Minereum,0,1,0,8,7,0
Unochain,0,1,4,6,6,0
Social Club Rocks,0,0,1,5,2,0
KULAP,0,0,1,9,4,0
Petro,0,1,2,5,3,0
B One Payment,0,0,3,8,3,0
Personal Wager,0,0,2,9,4,0
Coalculus,0,1,0,7,6,0
Beldex,0,1,1,8,10,0
DAIN,0,1,3,8,4,0
Emirex,0,1,3,8,7,0
Bitcoin Turbo Koin Giveaway,0,1,2,6,7,0
Bancor,0,1,0,8,10,0
JIL TOKENS,0,1,4,7,6,0
K-Tune,2,1,4,19,4,0
ecxx,0,0,6,17,7,0
Pockero,0,1,5,10,6,0
Netspot Solutions,0,1,2,5,5,0
Limestone Network,0,1,3,6,5,0
P2P Club,0,1,3,7,6,0
BitCollar,0,1,5,8,6,0
Lino Network,0,1,2,4,7,0
Brave New Coin,0,1,2,15,7,0
Wavesbet,0,1,2,7,6,0
Riwigo,0,1,3,6,6,0
LiquidApps,0,1,2,6,9,0
BlocBox,0,1,2,5,5,0
Morpheus Network,0,1,1,7,8,0
Neo Smart Energy,0,1,4,7,6,0
Stan World,0,1,2,4,7,0
Tune.fm,0,0,1,3,8,0
Swiftex,0,1,3,7,8,0
Diagon,0,1,8,11,5,0
ReFork,0,1,2,9,7,0
Cryptocells,0,0,5,6,6,0
Freelanex,0,1,3,9,8,0
Beowulf Blockchain,0,0,2,5,6,0
FreedomOptions,0,0,1,10,5,0
2Key,0,1,2,12,8,0
Crypto Tribunal,0,0,2,7,2,0
TroyTrade,0,1,2,15,5,0
LocalCoin,1,1,2,19,8,0
KAPPI,0,1,3,5,5,0
Kuvacash,0,0,2,15,3,0
ENOD,0,1,2,6,4,0
BitQuant,0,1,1,8,6,0
Binance JEX,0,0,1,7,4,0
Yezcoin,0,1,3,12,9,0
Validity,0,0,4,8,7,0
RIF,0,1,2,16,7,0
MediLiVes,0,1,5,9,8,0
Ormeus Ecosystem,0,1,5,5,7,0
INMINING,0,1,1,7,5,0
NOS Initiative,0,1,2,9,8,0
Maecenas,0,0,5,9,7,0
Nova Mining,0,1,4,8,6,0
Project WITH,0,1,3,7,4,0
Adrenaline AI,0,1,4,8,5,0
Hydro,1,1,2,16,10,0
OilWellCoin,0,1,5,7,6,0
Pynk,0,1,1,8,6,0
GCOX,1,1,2,11,4,0
Cocos BCX,0,1,1,7,9,0
Livetree,0,1,1,5,5,0
Felixo,0,0,8,8,5,0
WINk,0,1,0,9,8,0
TeleCoin,0,1,5,9,9,0
ETHplode,1,0,0,13,6,0
SpockChain,0,1,4,6,5,0
Ellcrys,0,1,6,9,8,0
Bitpanda,0,1,2,8,7,0
Arena Match,0,1,4,9,8,0
Discodery,0,1,1,8,5,0
Qtum,0,1,1,10,11,0
Netkoin,0,1,3,8,7,0
Algorand,1,1,1,17,9,0
Ten Billion Coin,0,1,6,9,5,0
OVR,0,1,3,6,8,0
BAGS token,0,0,3,7,6,0
AllForCrypto,1,1,3,14,6,0
Civic,0,1,2,6,9,0
Komodo,0,0,1,10,8,0
Netbox.Global,0,1,1,5,10,0
BRIKCOIN,1,1,6,24,6,0
PIEXGO,2,0,4,21,6,0
ParamountDax,0,1,1,4,6,0
Mediacoin,0,0,4,8,6,0
Dusk Network,0,0,8,8,10,0
Counos Platform,0,1,2,8,4,0
BTCOW,0,1,3,7,3,0
FIO Social,0,0,3,8,3,0
PBET,0,1,6,8,8,0
COINCOME,0,0,3,9,5,0
Comno Network,0,0,1,12,8,0
Blaze Protocol,0,1,7,24,5,0
Genesis,0,0,0,3,3,0
DocTailor,0,1,6,9,6,0
Fortem Capital,0,1,6,10,8,0
Authoreon,0,1,4,8,6,0
IdeaFeX,0,1,2,5,6,0
Ubrica,0,1,3,6,4,0
Typerium,0,1,3,8,6,0
VCC Exchange,0,0,2,7,5,0
Product Protocol,0,1,6,12,9,0
SDAT,0,0,0,11,4,0
Sparrow,0,0,2,5,8,0
Anchor,1,1,1,16,8,0
Creamcoin,0,1,2,7,9,0
CINDX,0,1,6,9,6,0
Atlas Protocol,0,0,6,10,7,0
PlasmaPay,0,1,2,13,8,0
Raven Protocol,0,0,2,11,8,0
Bcnex,1,1,2,15,7,0
Triffic,1,1,0,16,8,0
CoTrader,0,1,6,20,7,0
MimbleWimbleCoin,1,1,0,23,7,0
MiMiDi,0,1,2,5,4,0
Globatalent,1,1,1,10,8,0
Xprivate Chat,0,1,3,7,5,0
Homebloc,0,1,3,10,6,0
XR Web,0,1,2,7,5,0
SUKU,0,0,4,15,7,0
diamDEXX,0,0,2,19,7,0
Ampleforth,1,1,7,15,5,0
Minglechain,1,1,5,24,5,0
Bitwings,0,1,8,15,8,0
UHIVE,0,1,2,8,7,0
Tryvium,0,1,4,7,7,0
AiBB,0,1,5,9,8,0
Dukascoin,0,1,2,9,3,0
SixDomainChain,0,1,3,8,8,0
Crypto Market Ads,0,1,3,10,8,0
UniversalCoin,0,1,2,10,5,0
P2PS,1,1,6,19,8,0
SOCIAL CHAINS,1,1,3,27,6,0
Reserve Round 2,0,0,2,8,0,0
DVMarketplace,0,1,4,6,8,0
Bank of Hodlers,0,1,1,5,5,0
Opiria,0,1,2,6,6,0
Kozjin,0,1,3,7,8,0
BULLEX,0,0,5,15,7,0
AllSesame,0,1,6,11,9,0
Fesschain,1,1,3,22,7,0
Dayta,0,1,6,11,9,0
Mindexcoin,0,1,2,5,5,0
GRAYLL,0,1,2,6,8,0
Ferrum Network,1,1,2,18,7,0
TEN,0,1,2,8,5,0
NOIA Network,0,1,3,9,9,0
Matrix AI Network,0,1,1,5,11,0
AMUSE,1,1,2,13,8,0
MediConnect,0,1,2,6,9,0
BitTube,0,0,0,8,7,0
Authpaper,0,1,1,4,6,0
BTSCOIN,0,1,3,6,3,0
CoinHe,0,1,3,6,5,0
StellarPay,0,1,3,5,8,0
IOTW,0,1,2,7,6,0
Cryptoxygen,0,1,4,9,7,0
CINEMADROM,0,1,6,17,5,0
Fusion Coin,0,0,2,8,4,0
CBNT,0,1,3,9,7,0
ODEM,0,1,1,4,10,0
EarthBi,0,1,3,8,4,0
Venoty,0,1,5,10,7,0
Futurepia,0,1,3,6,7,0
RTREE,0,1,2,8,4,0
Streamex,0,1,5,10,5,0
Tipestry,1,1,5,18,6,0
Betinance,0,0,1,6,6,0
BitForex,1,1,2,17,6,0
Coinquista,0,0,1,4,4,0
AMANPURI,0,1,4,9,6,0
Atomic Wallet,1,1,1,20,7,0
Five Colors Coin,0,1,5,8,6,0
EVEN Foundation,0,1,2,8,8,0
Konstellation,0,1,1,5,7,0
Gemstra,0,1,5,10,8,0
Chelle Coin,1,1,2,14,6,0
Pukkamex,1,1,1,12,6,0
AVXChange,0,1,5,8,6,0
eden.best,0,1,2,6,3,0
Licht Project,1,1,7,20,7,0
Trade Nexi,0,1,3,6,10,0
OpenWeb Network,0,1,2,6,6,0
Somesing,1,1,0,16,7,0
Vite,0,1,1,5,9,0
MADANA,0,1,2,7,7,0
Knowledge,0,1,5,11,7,0
Block and Chain,0,1,1,13,9,0
Monarch,0,1,4,9,6,0
Ally Network,1,1,3,14,5,0
Files.fm,0,1,1,7,8,0
Terra Credit,1,1,1,11,7,0
Tangle,0,1,3,9,4,0
Vecap,1,1,4,10,7,0
Havaex,0,1,3,6,4,0
FST Network,0,1,4,8,7,0
Vodi X,0,1,1,14,7,0
QuarkChain,2,1,2,20,11,0
Purple Butterfly Trading,0,1,3,6,6,0
Digitex,2,1,1,18,7,0
Omnity,1,1,4,16,4,0
Sheepcoin,0,1,2,4,7,0
QuiGig,0,1,1,4,5,0
BitValve,1,1,8,13,4,0
ARCC,0,1,2,6,7,0
Verity,0,1,1,14,7,0
Belacam,0,1,1,10,5,0
BlocPal,0,0,1,9,7,0
Mindsync,0,1,7,12,7,0
Velic,0,1,3,17,7,0
HighBank,0,1,5,7,8,0
FortFC,1,1,5,18,7,0
CurveBlock,0,1,1,6,8,0
Huddl,0,1,1,8,7,0
Moozicore,0,1,2,6,7,0
CryptoSoul,0,1,2,11,8,0
Nodis,0,1,3,5,5,0
Solve.Care,1,1,3,10,10,0
4hiphop,1,1,3,14,3,0
Almeedex,0,1,3,8,4,0
Saiterm,0,1,3,7,8,0
XCOYNZ,0,1,4,11,6,0
BtcEX,0,1,3,5,5,0
VANM,0,1,4,9,6,0
HyperionX,1,0,4,19,9,0
Crypto Potential,0,1,1,5,6,0
WOWX,0,1,1,5,7,0
TriipMiles,1,1,2,15,8,0
YellowTradingCoin,0,1,1,7,3,0
Bluenote,0,1,4,8,7,0
Cogmento,0,1,4,15,5,0
XPChain,0,1,4,5,7,0
KRONN,0,1,2,5,2,0
GLAD Network,0,1,3,9,9,0
TheVault,0,1,5,9,5,0
CoinTiger,0,0,2,9,7,0
Precium Foundation,0,1,2,6,5,0
Global Cryptocurrency,0,1,1,10,8,0
Z-POP DREAM,0,1,2,7,7,0
WHIRL,1,1,3,20,6,0
Daily Coin News,0,1,2,9,2,0
BitTorrent,0,1,0,8,10,0
Hxro,1,0,1,12,4,0
DACC,0,1,2,6,10,0
Singh,0,1,2,11,5,0
POP Network,0,1,8,8,8,0
MESG,0,1,3,9,7,0
DataOnBlock,0,1,0,7,5,0
PROOF OF TOSS,1,1,1,12,8,0
TerraGreen,1,1,3,17,7,0
PaxPago,0,1,6,11,7,0
Afincoin,0,1,7,10,5,0
The Collective,0,0,5,11,6,0
LTO Network,0,0,3,8,7,0
Insights Network,0,1,2,9,7,0
Cloverdex,0,1,3,6,8,0
DecentraX,0,1,3,9,7,0
Volentix,0,1,2,6,8,0
Energi,0,0,8,16,11,0
Opu Labs,0,1,1,7,8,0
ShareMeAll,0,1,6,9,6,0
MyCryptoBank,1,1,5,18,8,0
Grailum Lab,0,1,1,11,2,0
Petchains,0,1,5,8,6,0
Paradise Token,0,1,5,7,8,0
Game Fanz,0,1,1,10,7,0
Konkrete,1,0,5,17,3,0
KlickZie,0,1,5,8,5,0
TradePlace,0,1,2,11,8,0
Ares Tech,0,1,1,5,6,0
HubrisOne,0,1,4,10,8,0
PerksCoin,0,1,3,6,6,0
Sentivate,0,1,6,14,7,0
Bitcoin Confidential,0,0,0,4,6,0
Dragonglass,0,1,2,4,10,0
THORChain,0,1,4,9,7,0
Griffex,0,1,7,13,6,0
Accumulus Threat Shield,0,1,5,6,7,0
EARNET,1,1,4,16,6,0
MobileGo,1,1,6,21,10,0
HotelLoad,0,1,3,5,4,0
DNN,0,1,2,6,7,0
Playgroundz,0,1,4,11,8,0
BitSong,1,1,1,18,8,0
OmniBazaar,0,1,3,12,8,0
Inmax,0,1,3,7,8,0
Platon Finance,0,0,4,6,7,0
idap.io,2,1,1,19,8,0
Levolution,0,0,6,8,6,0
Bethereum,0,1,1,7,9,0
GAMB,0,1,3,9,5,0
Ice Chain,1,1,3,13,6,0
Pareto Network,0,1,4,15,11,0
Solarex,0,1,2,6,7,0
Spectrum,0,1,2,6,6,0
Faba,0,1,3,8,8,0
Indochain,0,1,3,9,8,0
Liquid (Raffle),1,1,3,20,5,0
VeganNation,0,1,1,11,5,0
Dsion,0,1,2,8,5,0
Tokenville,0,0,3,5,9,0
Gooreo,0,1,2,4,7,0
PopulStay,0,1,2,14,8,0
Uris,0,1,2,7,7,0
Havven,0,1,1,4,9,0
CryptoBonusMiles,0,1,1,5,10,0
Jarvis,0,1,4,6,5,0
Bancryp,1,1,1,17,5,0
MEDoctor,0,1,5,7,4,0
Cubego,0,0,2,9,7,0
Unification,0,1,4,7,6,0
Mind AI,0,1,5,12,7,0
Cures Token,0,1,7,5,5,0
Mobile Token Bank,0,1,2,6,5,0
GoDDEX,0,1,3,9,4,0
SpringRole,1,1,1,14,8,0
Securypto,0,1,2,7,7,0
Dolla,0,1,5,11,4,0
Tune Token,0,1,5,5,7,0
V SYSTEMS,0,1,3,9,5,0
OcNet,0,1,2,10,6,0
Orbise,0,0,5,7,6,0
Sonata.ai,0,1,4,7,7,0
Phoneum,0,1,6,13,7,0
C2C,0,1,3,11,5,0
BitCanna,0,1,6,10,7,0
Smart Trade Coin,0,1,3,6,6,0
Wellmee,1,1,8,19,8,0
Varius World Tech,0,1,5,8,5,0
ZenSports,0,1,4,7,5,0
Raido,0,1,4,9,6,0
Biton,0,1,3,6,6,0
Tokedo,1,1,2,8,4,0
UniFox,0,1,6,12,8,0
One Solution,0,1,2,6,6,0
PGF500,0,1,4,9,5,0
Datafund,0,1,4,13,4,0
Trippki,0,1,4,11,6,0
Murmur,0,0,1,4,5,0
Rewards,1,1,1,17,8,0
Namacoin,0,1,4,6,6,0
THE 4TH PILLAR,0,1,3,7,8,0
QUBAY,0,1,3,10,6,0
ALLIVE,0,1,4,6,5,0
Clear Foundation,0,0,7,8,6,0
TheFund.io,0,1,3,6,7,0
Qobit,0,1,7,13,7,0
GAMO Protocol,0,1,6,10,6,0
Bitozz,0,1,4,6,6,0
ND Invest,0,1,9,14,7,0
GG International,0,1,6,9,5,0
Tradesprite,0,0,5,10,7,0
VeryFile,0,1,4,6,4,0
TEMCO,2,1,2,18,6,0
Social Note,0,1,4,6,7,0
XRP by Huobi,0,0,0,6,0,0
X Infinity,0,1,1,5,6,0
FanChain,0,1,5,8,7,0
Fidelity House,0,1,3,7,7,0
Bitcademy,0,1,6,12,8,0
FiiiCoin,0,1,6,9,6,0
Platin,0,1,4,5,6,0
HintChain,0,1,3,6,6,0
London Block Exchange,0,1,3,7,6,0
Phoenix,0,1,4,6,7,0
Athero,0,1,5,6,6,0
Lition,0,1,4,6,7,0
SciDex,1,1,4,7,7,0
Betform,0,1,3,4,8,0
Yanu,0,1,3,6,8,0
Little Phil,1,1,7,13,9,0
Monoreto,0,1,2,10,8,0
FEEDOCK,0,1,5,9,6,0
HARA,1,1,3,12,7,0
Vreo,0,1,4,7,5,0
HiLynk,0,1,4,7,7,0
Depository Network,2,1,3,29,4,0
Platio,0,1,6,9,8,0
DX.Exchange,0,0,4,12,5,0
BCoin,0,1,9,14,8,0
Skrumble Network,1,1,3,6,6,0
EtherInc,1,1,3,23,9,0
MyOS,0,0,4,14,5,0
EurekaPro,0,0,5,9,5,0
Consensus,0,1,4,6,7,0
Stox,0,1,2,7,10,0
Mycro Jobs,0,1,6,10,7,0
Instant Sponsor,0,1,5,6,6,0
GoFind.World,0,1,2,4,5,0
MinedBlock,1,1,4,16,5,0
Crypt-ON,0,1,4,9,9,0
CoinJax,0,0,4,8,4,0
LEXIT,1,1,5,12,6,0
AIVON,0,1,4,7,6,0
Archetypal Network,0,1,3,8,7,0
B21,0,1,1,5,7,0
Open Packaging Network,0,1,7,17,7,0
Bistox Exchange,0,0,3,5,6,0
FortKnoxster,1,1,2,14,8,0
Connecty,1,1,6,23,7,0
Truwho,0,1,3,10,7,0
Hydro Protocol,0,1,4,5,4,0
Kidbizo,0,1,4,7,4,0
SIRIN LABS,0,1,4,12,9,0
Get Achieve,0,1,1,7,8,0
Bright Network,0,1,4,7,7,0
Sentinel,1,0,1,10,6,0
Certified Diamond Coin,0,1,4,8,8,0
idealcoin,0,1,3,7,6,0
GOZO,0,1,7,12,6,0
Smart Refinery Technologies,0,1,4,10,8,0
Javvy,0,1,3,6,4,0
STAYGE,0,1,4,8,7,0
Zulu Republic,0,0,1,5,5,0
Aelf,0,1,4,0,9,0
ETH Birds,0,0,1,5,6,0
weBloc,0,1,2,6,6,0
Superbloom,0,1,1,5,7,0
Rise,0,0,4,9,5,0
Bitsrent,0,1,5,7,5,0
Cryptocoin Insurance,0,1,4,7,5,0
Job.com,0,1,1,7,7,0
Bionic,0,1,0,4,7,0
Renaissance Engineering,0,1,3,6,6,0
Cubiex,1,1,5,19,6,0
Qredit,0,1,3,5,5,0
DigitalBits,0,0,6,6,5,0
IUNO,0,1,3,6,8,0
eMusic,0,1,2,6,7,0
Restart Energy,0,1,1,5,10,0
Infinitus,0,1,2,7,6,0
Lampix,0,1,0,4,9,0
Magnetics,0,1,1,4,5,0
AORA,0,1,7,11,7,0
Sportsfix,1,0,5,14,4,0
Qlear Protocol,0,1,4,6,5,0
MorLabs,0,1,4,7,5,0
WooshCoin,0,1,5,9,5,0
Coinbates,0,1,1,6,4,0
ONO,1,1,1,7,6,0
Triphop,0,1,4,7,4,0
Neironix,0,1,1,4,7,0
PowerChain,0,1,3,5,6,0
Xenia,0,1,4,9,4,0
Your Data Safe,0,1,7,9,8,0
Pigzbe,1,1,4,7,7,0
Balehu Protocol,0,1,6,13,5,0
Storiqa,0,1,2,6,10,0
Centaure,2,1,3,12,8,0
Loopring,0,0,0,14,7,0
AI Crypto,1,1,4,16,6,0
SPIN Protocol,0,0,3,7,5,0
Social Media Pay,0,1,4,6,6,0
ABBC foundation,0,1,2,6,7,0
REDi,0,1,3,7,6,0
LogisticsX,0,1,3,7,5,0
FasTrader,0,1,4,6,5,0
TokenBacon,0,1,2,5,8,0
SUAPP,0,1,8,12,8,0
DISTRICTS,1,0,2,12,7,0
ECTA,0,1,4,9,8,0
Silent Notary,1,1,1,11,8,0
Centive,0,1,2,6,9,0
PingPaid,0,1,2,6,6,0
Becent,0,1,1,7,5,0
XTribe,0,1,4,7,4,0
INLOCK,0,1,6,8,8,0
Krypti,0,1,4,8,5,0
ASOBI COIN,1,1,5,18,6,0
Borneo,0,1,5,9,8,0
Nerves Foundation,0,1,3,5,7,0
Tatau,0,1,4,12,3,0
Aenco,0,1,2,5,9,0
CyberVein,1,1,6,19,8,0
Karatcoin,0,1,5,7,7,0
ArtPro,0,1,4,6,8,0
Penchant,0,1,5,8,4,0
Parkade,0,1,8,12,6,0
NonZero,0,1,8,10,8,0
Cardonio,0,1,4,10,5,0
Sansox,1,1,4,11,6,0
Swachhcoin,1,1,5,18,8,0
Shopin,0,1,5,10,7,0
Blockkonnect,0,1,3,6,8,0
dClinic,0,1,3,6,7,0
X-Cash,0,0,2,10,8,0
Vibeo,0,1,2,3,7,0
Masternode Invest,0,1,4,7,7,0
Topex,0,1,4,6,7,0
Berminal,0,1,2,4,4,0
Expanse,0,0,0,5,9,0
Osmium Investment Coin,1,1,4,15,8,0
AURA,0,1,3,6,4,0
WMpro,0,1,2,6,8,0
Securix,0,1,3,5,8,0
UDAP,0,1,3,5,6,0
Olife,0,1,3,7,4,0
Curaizon,0,1,5,9,6,0
ODIN,0,1,3,5,5,0
RedCab,0,1,4,7,8,0
Contents Protocol,0,1,4,7,5,0
Beverage Cash,0,1,6,10,5,0
XMax,0,1,6,7,7,0
Scienceroot,0,1,1,3,8,0
Spheroid Universe,0,1,4,9,5,0
X-Block,0,1,8,6,8,0
Buying,0,1,4,7,7,0
One Game,1,1,1,10,8,0
WOM Token,0,0,5,9,7,0
Caspian,0,1,4,11,5,0
iLink2Music,0,1,4,8,5,0
Natmin Pure Escrow,0,1,6,13,6,0
Kineticex,0,1,6,10,8,0
Zwoop,0,1,3,5,6,0
INDX Capital,0,1,2,6,6,0
PayX,0,1,3,9,6,0
Skynet,0,1,5,8,5,0
LoveBlock,1,0,3,12,5,0
TTC PROTOCOL,1,1,2,12,6,0
Bithereum,0,1,6,9,7,0
MOAC,0,1,5,6,6,0
Bitfam,0,1,4,8,7,0
Republia,0,1,5,12,9,0
FUNKEYpay,0,1,2,6,5,0
Papusha,0,1,5,9,7,0
iTrue,0,1,6,7,7,0
Beam,0,1,3,6,6,0
KiMex,0,1,6,10,7,0
Twogap,0,1,4,10,8,0
LATTICE80,0,0,5,6,5,0
Florafic,0,1,4,6,5,0
BitMart,0,1,2,5,7,0
Efforce,0,1,3,9,8,0
Spiking,1,1,5,13,9,0
Bidooh,0,1,3,7,6,0
imusify,0,1,5,13,9,0
ICOVO,0,1,4,10,9,0
Cloudbric,0,1,4,8,7,0
Tachain,0,1,5,9,6,0
WorkChain,0,1,5,11,8,0
BrokerNekoNetwork,0,1,4,9,4,0
SUBAJ,0,1,2,5,7,0
Scanetchain,0,1,4,7,6,0
Payperblock,1,1,3,11,5,0
Greenlink,0,1,7,15,5,0
55 Exchange,0,1,4,7,4,0
Finnoq,0,1,5,10,5,0
DateMe,0,1,1,4,5,0
Helios Protocol,1,1,2,13,5,0
Gravity GZRO,0,0,2,6,5,0
Gosama,0,1,4,8,6,0
LaneAxis,1,1,3,10,8,0
CRYPTTO,0,1,1,12,8,0
Sleecoin,0,1,1,5,5,0
NAU,0,1,1,5,7,0
TrigID,1,1,5,20,7,0
VeChain,0,1,1,5,10,0
Avatara,0,1,4,8,7,0
ODYSSEY,1,1,1,11,8,0
Rate3,0,1,2,8,11,0
Bouncy Coin,0,1,4,10,6,0
AgentMile,2,1,3,23,7,0
Hirefreehands,0,1,4,7,6,0
Denarii Cash,0,1,4,13,7,0
WebDollar,0,1,3,7,7,0
WeBuy,0,1,4,10,7,0
MECA Coin,0,1,1,5,5,0
ABELE GROUP,0,1,3,7,7,0
AGATE,0,1,3,6,8,0
Kronos Token,0,1,6,11,6,0
Wandx,0,1,3,8,6,0
Envoy,0,0,6,12,6,0
iRide,0,1,4,8,6,0
Synthetics AI,0,1,3,9,4,0
Symphony,0,1,6,11,7,0
Margin,0,1,3,6,5,0
GSC Aviation,0,1,1,9,7,0
Share Internet Data,0,1,4,10,8,0
MetaHash,0,1,2,6,8,0
HyperQuant,0,1,2,6,6,0
Kheper,0,1,3,11,4,0
Opporty,0,1,1,7,7,0
Blackbox Foundation,0,1,3,6,9,0
MedChain,0,1,5,7,6,0
VIDDO,0,1,3,6,5,0
GreenHashes,0,1,4,6,4,0
Pearl Pay,1,1,3,12,5,0
High Performance Blockchain,0,1,5,7,8,0
Conference Coin,0,1,4,5,5,0
YondoCoin,0,1,4,5,7,0
Kvantor,1,1,4,11,6,0
Jupiter Chain,0,1,4,7,7,0
ZeroState,1,1,1,4,8,0
MapCoin,0,1,2,4,4,0
EyeGlob.Net,0,1,8,9,7,0
Crypviser,0,1,2,6,8,0
MARAChain,1,1,3,13,8,0
NextPakk,1,1,6,19,7,0
Distributed Blocks,0,1,2,5,4,0
Fieldcoin,0,1,6,10,5,0
VEIAG,0,1,4,8,5,0
LockTrip,0,0,5,15,9,0
ZINC,0,1,4,9,5,0
Spl.yt,0,1,5,9,7,0
SilkChain,0,1,2,5,8,0
unitalent,0,1,2,7,7,0
CareerChain,0,1,5,8,4,0
CraftR,0,1,2,6,5,0
Thingschain,0,1,3,5,6,0
Hashgard,0,1,1,4,6,0
Daviescoin,0,1,5,6,5,0
Contractium,0,1,2,0,4,0
MOBU,0,1,3,8,7,0
Philanthor,0,1,2,8,7,0
Medipedia,0,1,3,7,7,0
TLPAC,0,1,2,5,5,0
Sports Ledger,0,1,5,16,6,0
Real Estate Doc,0,1,4,7,5,0
CAREONchain,0,1,5,12,7,0
Project H,0,0,1,5,2,0
DREAM & INDORSE,0,0,2,5,5,0
BuratinoBS,0,1,6,10,5,0
OpenBrix,0,1,4,7,6,0
VU Token,0,0,3,7,9,0
BolieCoin,0,0,6,7,6,0
CampusCoin,0,0,3,10,9,0
RIPAEX,0,0,2,5,7,0
BlockVest,0,1,5,9,4,0
NeoPlace,0,0,6,5,5,0
INTRO,0,1,4,7,8,0
GStar Ecosystem,0,0,2,6,6,0
Everipedia,0,0,0,16,6,0
ZeroBank,0,1,4,7,6,0
Vidy,0,1,4,13,6,0
Attrace,0,0,2,5,6,0
SVPER,0,0,5,5,6,0
RockerCoin,0,0,3,8,4,0
Rays Network,0,0,2,6,6,0
Tokenize,0,0,5,8,5,0
Dream Real,0,1,5,10,5,0
Asian Develop Coin,0,0,4,6,9,0
AIRSTAYZ,0,0,2,5,6,0
YINC,0,0,5,13,7,0
BLOXIA,0,1,3,6,5,0
Color,0,0,6,12,5,0
Watermelonblock,0,0,3,3,8,0
Hurtle Coin,0,0,3,5,3,0
BIGBANG,0,0,7,7,7,0
Starflow,0,1,5,7,6,0
MYTC,0,0,1,3,7,0
Aniko,0,0,3,12,5,0
W Green Pay,0,0,2,5,6,0
GUARIUM,0,0,4,7,7,0
Prime Shipping Foundation,0,1,5,11,5,0
Propy,0,1,2,6,10,0
Easy Trading Platform,0,0,0,0,0,0
DNeT,0,1,2,10,4,0
Meritt protocol,0,0,0,8,5,0
STAR BIT,0,0,4,13,5,0
MulTra,0,0,3,4,8,0
Expercoin,0,1,2,6,7,0
Kava,0,0,4,9,5,0
Bytemine,0,1,2,6,6,0
UNICO,0,1,3,14,5,0
Diro,0,1,5,8,7,0
Gratzio,0,1,5,15,7,0
Bixtrim,0,1,2,4,7,0
Inmediate,0,1,5,7,6,0
JSEcoin,0,1,5,11,8,0
MediLOT,0,1,2,7,7,0
PCHAIN,0,0,3,8,7,0
HELIX Orange,0,1,4,4,6,0
Shipit,0,1,4,7,7,0
Miracle Tele,1,0,6,27,5,0
Runs,0,1,4,7,6,0
IGNITE,0,1,2,6,4,0
eLYQD,0,1,4,6,7,0
Bailsman,0,1,3,7,7,0
Lambda,0,1,1,5,4,0
Rubius,0,1,4,7,5,0
Svandis,0,1,3,4,6,0
AllSporter,0,0,4,9,6,0
Playrs,0,1,6,7,6,0
CoinAnalyst,0,1,1,6,7,0
Spokkz,0,1,1,5,7,0
Zantepay,0,1,7,10,7,0
Cure Cosplay,0,1,2,7,6,0
WAB Network,0,1,3,5,7,0
Liquid8,0,1,3,8,5,0
Fanship,0,1,3,11,6,0
Inmusik,0,1,6,10,8,0
CrowdToken,0,1,1,6,6,0
OSA,0,1,2,10,7,0
moolyacoin,0,1,3,6,9,0
Hyperbridge,0,1,3,6,7,0
TombCare,0,1,1,5,7,0
Tuurnt,0,1,3,5,6,0
Usechain,0,1,3,10,8,0
Storeplex,0,1,4,0,5,0
ParcelX,0,1,6,12,6,0
APRES,0,1,3,5,6,0
Blockhive,0,0,2,7,7,0
Creatanium,0,1,2,5,4,0
TradeRiser,0,1,4,13,6,0
RedCab,0,1,6,10,9,0
Monopoly,0,1,2,7,8,0
Sharevest,0,1,4,7,4,0
Explorio,0,1,3,5,6,0
EPIPHANY,0,1,2,6,8,0
BUMO,0,0,2,11,6,0
Barrel,0,1,4,10,4,0
CryptoMillionsLotto,0,1,4,6,6,0
ImmVRse,0,1,3,6,7,0
Atidium,0,1,0,0,5,0
DTO,0,1,1,7,8,0
Provoco,0,1,1,9,6,0
TraXion,0,1,1,6,7,0
BitEsprit,0,1,7,12,6,0
HEROIC.com,0,1,6,13,8,0
Dench Music,0,1,3,5,7,0
Versara Trade,0,1,4,6,7,0
MiBoodle,0,1,3,0,7,0
HelloGold,0,0,3,5,9,0
ODMCoin,0,1,2,7,7,0
Waves,0,1,4,15,11,0
MEvU,0,1,3,6,6,0
Casper API,0,1,4,6,8,0
WAR FIELD,0,1,4,0,6,0
Leonardian,0,1,1,6,5,0
Cornucopia,0,1,0,0,3,0
Tutellus,0,1,3,6,8,0
Corl,0,1,3,5,6,0
Prandex,0,0,3,8,6,0
Dizcovery Network,0,1,1,5,5,0
BlockFollow,0,1,4,8,6,0
Grapevine World,0,1,4,7,7,0
Blockonomics,0,1,2,4,7,0
Nauticus,0,1,7,10,8,0
Further Network,0,1,4,10,8,0
Breezecoin,0,1,4,10,9,0
RAcoin,0,1,2,7,6,0
TRESARO,0,1,4,8,8,0
Wemark,0,1,3,10,8,0
Setteo,0,1,2,7,6,0
ERN,0,1,3,12,5,0
Terawatt,0,1,2,5,8,0
CryptovationX,0,1,4,6,6,0
Feedchain,0,1,7,10,7,0
Basis Neuro,0,1,5,0,5,0
Staramba,0,1,2,6,6,0
re:factor,0,1,4,5,8,0
GreenX,0,1,3,7,7,0
FTW,0,1,2,6,5,0
Atlantis Blue,0,1,3,5,5,0
Parkres,0,1,4,8,7,0
LendsBay,0,1,5,11,6,0
0xcert,0,1,3,8,8,0
Humanscape,0,1,5,12,7,0
CrowdIF,0,1,1,9,4,0
VideoCoin,0,1,2,5,6,0
Nebula,0,1,1,0,4,0
NeoNameService,0,1,0,0,5,0
Sparkster,0,1,1,0,7,0
Buddy,1,1,2,6,6,0
CrypStock,0,1,1,4,6,0
Luvdub,0,1,5,4,8,0
Aworker,0,1,4,8,6,0
QLC Chain,0,1,1,5,10,0
Sponsy,0,1,3,7,7,0
Menlo One,0,1,3,6,7,0
WeSend,0,1,3,7,6,0
InsCoin,0,1,5,12,6,0
ExTrade,0,1,1,0,6,0
MUXE,0,1,4,8,7,0
Lina,0,1,3,4,6,0
Zoidcoin,0,1,3,7,4,0
Origin Sport,0,1,5,6,7,0
No BS Crypto,0,0,4,10,5,0
Cosmecoin,0,1,5,25,7,0
Railz,0,1,4,7,7,0
ContentBox,0,1,1,9,4,0
rLoop,0,0,4,6,6,0
Bitney,0,1,3,5,6,0
APIS,0,1,2,13,7,0
XMED Chain,0,1,3,5,5,0
IndiCoin,0,1,5,15,9,0
Nobar,0,1,3,0,5,0
Coinself,0,1,5,9,7,0
MAKEAFOLIO,0,1,4,7,5,0
Iris.ai,0,1,2,5,4,0
Deedcoin,0,1,2,0,7,0
DAV,0,1,2,5,8,0
Find.Exchange,0,1,6,13,7,0
INGOT Coin,0,1,4,7,7,0
Profede,0,1,3,7,8,0
Box 2 Table,0,1,1,6,5,0
GlobeCas,0,1,2,5,6,0
GOeureka,0,1,4,0,4,0
Xeeda,0,1,2,0,5,0
RecordsKeeper,0,1,4,6,6,0
DATAVLT,0,1,4,7,6,0
Jibbit,0,1,2,0,8,0
Loyakk,0,1,2,7,8,0
AVINOC,0,1,1,4,3,0
TokenUnion,0,1,3,8,5,0
Root Blockchain,0,1,3,6,8,0
Ormeus Coin,0,1,2,0,7,0
CryptoRiya,0,1,2,4,7,0
Mjolnir Guard,0,1,3,11,5,0
Daox,0,1,4,0,8,0
PavoCoin,0,1,2,0,6,0
Brainmab,0,1,2,0,4,0
Viewo,0,1,3,0,1,0
FanFare,0,1,3,7,6,0
Crystals,0,1,2,0,6,0
XGenomics,0,1,1,0,5,0
Gese,0,1,5,13,8,0
ASKfm 2.0,0,1,1,0,6,0
B2BX,0,1,2,5,7,0
Lamoneda,0,1,3,6,5,0
Accounting Blockchain,0,1,3,4,6,0
Energi Token,0,1,1,5,7,0
Nebeus,0,1,2,5,5,0
iRegMed,0,1,2,5,4,0
Paygine,0,1,2,0,5,0
Ivy,0,1,1,0,5,0
Binex.Trade,0,1,1,5,6,0
Selfie GO,0,1,4,5,7,0
Clash & GO,0,1,4,5,7,0
Miner Edge,0,1,4,8,7,0
Keplertek,0,1,4,11,6,0
Ink,0,0,2,0,9,0
Kimera,0,1,5,8,6,0
Prime Ball,0,0,4,4,4,0
Aitheon,0,1,3,8,7,0
TaTaTu,0,1,4,8,5,0
SupPorter,0,1,4,8,6,0
Neodium Network,0,1,2,0,4,0
Acudeen,0,1,4,0,7,0
EasyLoot,0,0,2,0,8,0
VIMANA,0,0,2,5,5,0
DeNet,0,1,2,5,7,0
Goldma,0,1,5,8,7,0
Ommer,0,1,4,7,7,0
Viva Network,0,1,4,13,8,0
LeadRex,0,1,2,0,6,0
PO8,0,1,4,0,7,0
SmartMesh,0,1,1,6,9,0
ATN,0,1,3,6,6,0
Luna,0,1,3,7,8,0
Fenix,0,1,4,8,6,0
SuccessLife,0,1,2,4,7,0
Planport,0,1,3,0,3,0
DateCoin,0,1,2,5,7,0
ArchiCoin,0,1,5,8,7,0
CryptoHIT,0,1,4,10,8,0
JioJioMe,0,1,2,6,4,0
Genexi,0,1,2,6,8,0
mCoin,0,1,4,7,6,0
CONDA,0,1,6,8,8,0
Koumei,0,1,2,0,5,0
HODLit Network,0,1,3,0,4,0
SKYFchain,0,1,2,5,7,0
Coinyspace,0,1,5,7,5,0
Fructus,0,1,1,0,5,0
Horizon,0,1,1,0,5,0
KanadeCoin,0,0,2,0,5,0
Xriba,0,0,3,7,5,0
TowerBee,0,1,2,6,6,0
MST,0,1,2,0,6,0
ETHERC,0,0,3,7,6,0
Elepig,0,1,3,7,4,0
DINO,0,1,2,4,7,0
LaborCrypto,0,1,2,0,6,0
MD Tokens,0,1,2,0,7,0
BitImage,0,1,1,0,7,0
Byteball,0,1,1,0,9,0
GrabAMeal,0,1,5,0,7,0
GLEDOS,0,1,2,5,7,0
CarLive Chain,0,0,1,5,7,0
WONO,0,1,3,6,7,0
SelfSell,0,1,3,14,7,0
Acute Coin,0,1,2,8,7,0
CryptoFlix,0,1,2,6,8,0
HubToken,0,1,1,5,5,0
ICO Pass,0,1,1,5,8,0
Amicorum Live,0,1,2,0,7,0
Global REIT,0,1,2,5,8,0
WizeBit,0,1,6,8,7,0
Zichain,0,1,3,5,7,0
Tradingene,0,1,2,6,7,0
OkeyDokey,0,1,2,5,7,0
Birdchain,0,1,4,7,8,0
FreelancerCoin,0,0,1,0,5,0
Blue Whale,0,1,2,5,6,0
GoldMint,0,1,2,5,9,0
EvolutionOS,0,1,0,0,6,0
Linfinity,0,1,2,0,4,0
Cortex,0,1,3,0,8,0
Crowd for Angels,0,1,3,11,4,0
Iconiq Lab,0,1,4,8,8,0
Arousal,0,1,2,0,3,0
CGCX,0,1,3,0,6,0
WULET,0,1,6,11,5,0
Elysian,0,1,2,4,9,0
Coinet,0,1,4,8,5,0
Lancer Network,0,1,4,6,5,0
Safe Haven,0,1,2,5,8,0
ARAW Token,0,1,4,0,8,0
DirectHome,0,1,3,10,8,0
Buzcoin,0,1,3,6,7,0
DICEGAME,0,1,4,5,6,0
BeepBeep Nation,0,1,2,7,4,0
ABCC Exchange,0,0,2,7,6,0
Deconet,0,1,6,7,8,0
DataBlockchain,0,1,2,5,6,0
CarBlock,0,1,3,0,7,0
Bulleon,0,1,4,8,8,0
CoinCrowd,0,1,4,6,6,0
RankingBall,0,1,5,14,7,0
Bubbletone,0,1,2,6,7,0
MPCX,1,1,4,12,7,0
BlockStorage,0,1,1,4,7,0
XcelToken Plus,0,1,4,0,7,0
XCHNG,0,1,3,0,6,0
TrustLogics,0,1,3,5,6,0
BitRent,0,1,4,7,9,0
Free Market Token,0,1,4,6,5,0
StarChain,0,1,2,7,5,0
ABitchain,0,0,1,0,4,0
Check-Car,0,1,1,0,7,0
AI Gaming,0,1,3,5,6,0
AbacasXchange,0,1,4,5,8,0
Ether joy,0,0,3,7,5,0
Blockport,0,1,3,5,8,0
ConcertVR,0,1,4,7,6,0
BitMinutes,0,1,2,5,6,0
BFEX,0,1,2,4,9,0
webRunes,0,1,4,9,6,0
Invest in Brokers,0,1,4,9,7,0
ApolloChain,0,1,3,0,6,0
uRunIt,0,1,4,7,6,0
AllStocks,0,1,1,4,7,0
CFun,0,1,2,7,6,0
Coin Governance System,0,1,4,6,5,0
Cryde,0,1,2,5,5,0
Belotto,0,1,6,0,8,0
Terra Virtua,0,1,4,7,7,0
Olympus Labs,0,1,3,5,9,0
Proton,0,1,1,5,5,0
Touch. Social Network,0,1,2,0,5,0
Zeex,0,1,3,0,7,0
AutoBay,0,1,4,7,7,0
CargoChain,0,1,5,8,4,0
4NEW,0,1,1,0,8,0
Moveco,0,1,6,7,7,0
GladAge,0,1,3,6,8,0
Indorse,0,1,2,0,5,0
Unboxed,0,1,4,10,5,0
MetaMorph,0,1,4,6,8,0
Delicia,0,1,2,11,7,0
0Chain,1,1,3,11,12,0
Esports Chain,0,1,1,5,5,0
Smart Trip Platform,0,1,6,12,6,0
TrustNote,0,1,1,6,3,0
Parsec Frontiers,0,1,2,6,8,0
Mine Coin,0,1,2,5,5,0
BITRUST,0,1,0,5,6,0
DeepToken,0,1,4,6,7,0
Workcoin,0,1,2,0,7,0
McFly,0,1,3,6,7,0
CoinMetro,0,1,3,7,8,0
Kryptono Exchange,0,1,2,5,5,0
dApp Builder,0,1,3,6,6,0
PreVUE,0,1,4,8,5,0
EthicHub Twitter,0,1,2,7,7,0
Urbit,0,1,3,0,7,0
Boosto,0,1,2,0,2,0
Assettoken,0,1,2,0,4,0
Anything App,0,1,0,6,7,0
Pointium,0,1,2,0,5,0
BIOK,0,1,5,6,4,0
BITMILLEX,0,1,3,5,6,0
Bidipass,0,1,2,7,5,0
Sentinel Protocol,0,1,1,0,6,0
MoneyToken,0,1,5,4,8,0
Bitsum,0,1,1,6,10,0
Endorsit,0,1,2,6,3,0
SDChain,0,1,1,0,4,0
Mingo,0,1,5,9,8,0
LibertyLance,0,1,1,7,8,0
Block Broker,0,1,4,6,6,0
Hyperion,0,1,2,4,3,0
Golden Currency,0,1,4,0,8,0
DigiPulse,0,1,1,5,8,0
EXCHAIN,0,1,4,6,5,0
Spindle,0,1,6,3,6,0
SEDA,0,1,3,5,4,0
ViValid,0,1,4,5,5,0
MBYS,0,1,3,0,8,0
Xenchain,0,1,2,3,5,0
Kakushin,0,1,2,0,6,0
EVO,0,1,1,0,4,0
Strykz,0,1,1,0,5,0
KELTA,0,1,3,7,6,0
RAWG,0,1,2,0,6,0
AICT,0,1,1,5,5,0
Meshbox,0,1,1,0,5,0
eosDAC,0,0,0,0,7,0
EatMeCoin,0,1,4,0,4,0
Superset,0,1,1,3,5,0
Coinpaws,0,1,2,7,3,0
Trident Group,0,0,3,7,5,0
Prontapay,0,1,4,6,8,0
Akaiito,0,1,4,0,5,0
SmartO,0,1,4,0,8,0
ENTRY,0,1,1,9,9,0
Digitize,0,1,2,6,8,0
VinChain,0,1,4,6,7,0
Bit.Game,0,1,1,5,6,0
Pecunio,0,1,3,7,7,0
LabStart,0,1,4,0,7,0
Vexanium,0,1,2,4,5,0
QRYPTOS Exchange,0,1,2,6,9,0
THEKEY,0,1,1,5,10,0
EchoLink,0,1,2,7,7,0
EthicHub,0,1,2,6,7,0
Marginless,0,1,5,13,8,0
ABLE,0,1,4,8,8,0
Cosmochain,0,1,1,0,5,0
ChronoBank,0,1,2,0,8,0
BitRewards,0,1,3,6,8,0
Vanig,0,1,5,0,9,0
London Football Exchange,0,1,2,6,4,0
LemoChain,0,1,2,9,7,0
SurruS,0,1,6,7,7,0
CPROP,0,1,1,3,4,0
Bundle,0,1,3,0,7,0
3DES,0,1,2,7,4,0
Contract Vault,0,0,2,4,5,0
Modex,0,1,2,0,5,0
Modorr,0,1,3,0,5,0
BitFence,0,1,2,3,4,0
MaxiMine,0,1,1,4,6,0
Biotron,0,1,2,5,7,0
Berith,0,1,3,11,6,0
Moneda,0,1,2,0,4,0
CyteCoin,0,1,5,6,5,0
BitLumens,0,1,5,6,8,0
Union,0,1,2,0,5,0
BHOM,0,1,4,5,5,0
Potentiam,0,1,3,0,7,0
Emrify,0,1,3,3,9,0
Hai Project,0,1,4,0,5,0
LangNet,0,0,2,16,7,0
Ambr,0,1,1,5,4,0
Snovio,0,0,2,0,9,0
Alvalor,0,1,0,0,5,0
Triggmine,0,0,1,0,7,0
Thorium,0,1,2,0,2,0
Sport X,0,0,1,5,3,0
MOS,0,1,4,4,5,0
VRT World,0,1,2,6,8,0
Game Loot Network,0,1,4,5,6,0
MyDFS,0,1,1,0,5,0
Semux,0,0,0,0,5,0
Storweey,0,1,4,0,4,0
NWP Solution,0,1,4,3,5,0
Kinguin,0,1,2,4,6,0
Goldiam,0,1,5,5,7,0
First Trading Ecosystem,0,1,3,0,8,0
Cybereits,0,0,3,5,3,0
Blocknubie,0,1,2,0,6,0
HOLD,0,1,3,0,4,0
BCharity,0,1,5,5,8,0
ALAX,0,1,2,6,7,0
Blockchain Hotels 2.0,0,1,4,0,6,0
Crypto Angel,0,1,2,0,6,0
Flashmoni,0,1,3,5,7,0
BLACKFOL.IO,0,1,4,3,7,0
Disciplina,0,1,3,0,8,0
Birake,0,1,1,0,5,0
ExtraCredit,0,0,4,0,6,0
HowDoo,0,1,2,4,7,0
SANCOJ,0,1,6,6,5,0
Smart Unit,0,1,1,0,4,0
Papyrus,0,1,2,0,6,0
WeiCrowd,0,1,4,6,7,0
Talao,0,1,2,4,8,0
Etheal,0,1,4,0,7,0
StasyQ,0,1,3,0,7,0
BTU Protocol,0,1,2,4,6,0
Pantos by Bitpanda,0,1,1,6,6,0
Safein,0,1,5,9,5,0
Eniac Network,0,1,4,6,5,0
Fox Trading,0,1,1,5,7,0
Decibels,0,1,3,4,6,0
MF Chain,0,1,5,5,5,0
Cryptelo,0,1,4,7,6,0
Cartel,0,1,2,6,5,0
Bob’s Repair,0,1,3,7,7,0
Measurable Data Token,0,1,2,0,10,0
Blok,0,1,4,0,8,0
AdSigma,0,1,3,5,8,0
PayVX,0,1,3,0,5,0
Instant Assets Tokens,0,1,2,4,3,0
Algebraix,0,1,3,4,8,0
Chimaera,0,1,3,0,7,0
Essentia,0,1,5,0,6,0
Pibble,0,1,6,0,7,0
eCharge,0,1,1,7,7,0
Flux,0,1,2,0,8,0
LAPO,0,1,1,4,6,0
VeriME,0,1,1,0,7,0
Crestonium,0,1,3,0,7,0
OS University,0,1,2,0,8,0
Friend Unifying Platform,0,1,1,0,8,0
Photochain,0,1,1,0,7,0
Aeternum,0,1,3,0,5,0
Xmoneta,0,1,3,0,6,0
Aphelion,0,1,4,0,6,0
Koios,0,1,2,0,5,0
Blockshipping,0,1,2,0,7,0
AIDA Service,0,1,3,0,8,0
Trifid,0,1,0,0,4,0
DarcMatter,0,1,4,0,7,0
Signals,0,1,4,0,6,0
Oyster Shell,0,1,0,0,5,0
CashBag,0,1,0,0,6,0
Viola,0,1,1,0,8,0
Cappasity,0,1,0,0,10,0
PHI,0,1,1,0,4,0
Biograffi,0,0,0,0,3,0
Gluon,0,1,2,0,6,0
Fishcoin,0,1,1,0,4,0
BZLcoin,0,1,1,0,5,0
A2B Taxi,0,1,2,0,7,0
Monanex,0,1,1,0,3,0
Gladius,0,1,2,0,8,0
Elementh,0,1,2,0,8,0
Callisto,0,0,0,2,0,0
CIBUS,0,1,4,0,7,0
ConnectJob,0,1,3,0,6,0
BitNautic,0,1,1,0,7,0
WOTER,0,1,1,0,4,0
Ethearnal,0,1,1,0,8,0
Bitcore,0,0,0,0,6,0
Flashblock,0,0,0,0,2,1
Atomic,0,0,0,0,2,1
ZillowBlockchain,0,0,0,0,1,1
Golem Official Bot,0,0,0,0,1,1
Cube Community,0,0,0,0,1,1
Quant Airdrop Bot,0,0,0,0,1,1
Hydro Airdrop,0,0,0,0,1,1
RChain,0,0,0,0,1,1
GINcoin,0,0,0,0,1,1
EOS,0,0,0,0,1,1
DigixGlobal,0,0,0,0,1,1
Radium,0,0,0,0,1,1
TUBIG,0,0,0,0,2,1
Falcon Project,0,0,0,0,2,1
GP Pharm,0,0,0,0,2,1
Pheonex Blocks,0,0,0,0,2,1
Mining 24,0,0,0,0,2,1
