id,symbol,name,Cleaned_Symbol,Cleaned_Name,reddit_url,Official_Website,Twitter,Facebook,Reddit,image
manta-network,manta,Manta Network,manta,mantanetwork,https://www.reddit.com/r/ethtrader/comments/1908kck/attention_airdrop_farmers_avoid_this_manta/,https://manta.network/,https://twitter.com/MantaNetwork,,,https://coin-images.coingecko.com/coins/images/34289/thumb/manta.jpg?1704468717
sentimentai,sent,SentimentAI,sent,sentimentai,https://www.reddit.com/r/CryptoScams/comments/1d1tx46/airdrop_scam_example_below_is_an_example_of_a/,https://trysentiment.ai/,https://twitter.com/sentimentai_xyz,,,https://coin-images.coingecko.com/coins/images/34817/thumb/sentlogo.jpg?1706175707
portal-2,portal,Portal,portal,portal,https://www.reddit.com/r/CryptoCurrencyTrading/comments/1b263u4/portal_airdrop_scam/,https://www.portalgaming.com/,https://twitter.com/Portalcoin,,,https://coin-images.coingecko.com/coins/images/35436/thumb/portal.jpeg?1708590254
newpepe,pepe,NEWPEPE,pepe,newpepe,https://i.redd.it/pfpxbwjy0nya1.jpg,https://newpepe.lol/,https://twitter.com/pepeonerc,,,https://coin-images.coingecko.com/coins/images/31729/thumb/photo_2023-09-12_02-04-48_%282%29.jpg?1696530549
2moon,moon,2MOON,moon,2moon,https://www.reddit.com/r/CryptoCurrency/comments/18sjdb5/psa_there_is_a_fake_moon_airdrop_scam_going/,https://moon.ws/,https://twitter.com/BuildMOON,,,https://coin-images.coingecko.com/coins/images/32194/thumb/2MOON.jpg?1696745527
reddit,reddit,Reddit,reddit,reddit,https://www.reddit.com/r/CryptoCurrency/comments/18sjdb5/psa_there_is_a_fake_moon_airdrop_scam_going/,https://redditcoin.tech/,https://twitter.com/RedditERC,,,https://coin-images.coingecko.com/coins/images/30791/thumb/IMG_0365.jpeg?1696529658
gone,gone,Gone,gone,gone,https://i.redd.it/9z57rrdbq60d1.jpeg,https://itsgone.xyz,https://twitter.com/gonepolygone,,,https://coin-images.coingecko.com/coins/images/33916/thumb/7BA9468A-34AE-4F10-BA78-655A1CC2D328-removebg-preview.png?1703313577
hpohs888inu,tether,Hpohs888inu,tether,hpohs888inu,https://cointelegraph.com/news/tether-ceo-warns-crypto-airdrop-scam,https://hpohs888inu.com/,https://twitter.com/HPOHS888I,,,https://coin-images.coingecko.com/coins/images/31355/thumb/200xlogo.png?1696530172
newton-project,new,Newton Project,new,newtonproject,https://cointelegraph.com/news/tether-ceo-warns-crypto-airdrop-scam,https://www.newtonproject.org,https://twitter.com/newton_project,https://www.facebook.com/newtonproject,https://www.reddit.com/r/Newton_project/,https://coin-images.coingecko.com/coins/images/4376/thumb/logo.png?1696504975
wavelength,wave,Wavelength,wave,wavelength,https://cointelegraph.com/news/tether-ceo-warns-crypto-airdrop-scam,https://www.wavelength.exchange/,https://twitter.com/Wavelength_DAO,,,https://coin-images.coingecko.com/coins/images/27895/thumb/photo_5947110558027332699_m.jpg?1696526912
betbuinu,crypto,BetbuInu,crypto,betbuinu,https://cointelegraph.com/news/tether-ceo-warns-crypto-airdrop-scam,https://www.betbuinu.com/,https://twitter.com/BETBUInu,,,https://coin-images.coingecko.com/coins/images/31298/thumb/Betbu.jpeg?1696530118
ai-x,x,AI-X,x,aix,https://www.reddit.com/r/cosmosnetwork/comments/18xsyr6/scam_on_x_for_airdrop_was_i_hacked/,https://ai-xerc.xyz,https://twitter.com/AiXerc20,,,https://coin-images.coingecko.com/coins/images/30783/thumb/%E5%BE%AE%E4%BF%A1%E5%9B%BE%E7%89%87_20230616171447.jpg?1696529650
bridged-binance-peg-ethereum-opbnb,eth,Bridged Binance-Peg Ethereum (opBNB),eth,bridgedbinancepegethereumopbnb,https://www.reddit.com/r/ethtrader/comments/199qr8z/reddit_user_loses_250000_in_eth_to_crypto_airdrop/,https://www.bnbchain.org/en,https://twitter.com/BNBChain,,,missing_thumb.png
nfstay,stay,NFsTay,stay,nfstay,https://www.reddit.com/r/ethtrader/comments/199qr8z/reddit_user_loses_250000_in_eth_to_crypto_airdrop/,,,,,https://coin-images.coingecko.com/coins/images/37333/thumb/1000025933.jpg?1714030929
basesafe,safe,BaseSafe,safe,basesafe,https://www.reddit.com/r/ethtrader/comments/199qr8z/reddit_user_loses_250000_in_eth_to_crypto_airdrop/,https://basesafe.org/,https://twitter.com/BaseSafeERC,,,https://coin-images.coingecko.com/coins/images/36796/thumb/200x200.png?1712628693
arbitrum,arb,Arbitrum,arb,arbitrum,https://www.reddit.com/r/shib/comments/13aoyp4/arb_airdrop_scam/,https://arbitrum.io/,https://twitter.com/arbitrum,,,https://coin-images.coingecko.com/coins/images/16547/thumb/photo_2023-03-29_21.47.00.jpeg?1696516109
layer-network,layer,Layer Network,layer,layernetwork,https://www.reddit.com/r/CryptoScams/comments/168pl3t/layer_zero_airdrop_scam/,https://www.layernetwork.org/,https://twitter.com/Lyrnetwork,,,https://coin-images.coingecko.com/coins/images/29920/thumb/Layer_Network_Logo.png?1696528848
analysoor,zero,Analysoor,zero,analysoor,https://www.reddit.com/r/CryptoScams/comments/168pl3t/layer_zero_airdrop_scam/,https://analysoor.com/,https://twitter.com/analysoor,,,https://coin-images.coingecko.com/coins/images/33690/thumb/ZERO.jpg?1702733338
dogwifcoin,wif,dogwifhat,wif,dogwifhat,https://www.reddit.com/r/dogwifhat/comments/1d5g3ni/wif_airdrops_scam_for_sure_or_is_it_can_the/,https://dogwifcoin.org,https://twitter.com/dogwifcoin,,,https://coin-images.coingecko.com/coins/images/33566/thumb/dogwifhat.jpg?1702499428
insure,sure,inSure DeFi,sure,insuredefi,https://www.reddit.com/r/dogwifhat/comments/1d5g3ni/wif_airdrops_scam_for_sure_or_is_it_can_the/,https://insuretoken.net/,https://twitter.com/InsureToken,https://www.facebook.com/inSuretoken,,https://coin-images.coingecko.com/coins/images/10354/thumb/logo-grey-circle.png?1696510355
seigniorage-shares,share,Seigniorage Shares,share,seigniorageshares,https://www.reddit.com/r/dogwifhat/comments/1d5g3ni/wif_airdrops_scam_for_sure_or_is_it_can_the/,https://dollarprotocol.com/,https://twitter.com/DollarProtocol,,https://www.reddit.com/r/DollarProtocol/,https://coin-images.coingecko.com/coins/images/12306/thumb/logo_%281%29.png?1696512136
tokenfi,token,TokenFi,token,tokenfi,https://www.reddit.com/r/Nodle/comments/18maqzx/beware_of_fake_token_airdrop_scams/,https://tokenfi.com,https://twitter.com/tokenfi,,,https://coin-images.coingecko.com/coins/images/32507/thumb/MAIN_TokenFi_logo_icon.png?1698918427
hashpack,pack,HashPack,pack,hashpack,https://www.reddit.com/r/Hedera/comments/z8shro/hashpack_airdrop_scam/,https://www.hashpack.app/,https://twitter.com/HashPackApp,,,https://coin-images.coingecko.com/coins/images/38078/thumb/token.png?1718152817
apenft,nft,APENFT,nft,apenft,https://www.reddit.com/r/solana/comments/tugf6p/nft_airdrop_scam/,https://apenft.org/,https://twitter.com/apenftorg,,,https://coin-images.coingecko.com/coins/images/15687/thumb/apenft.jpg?1696515316
lost,lost,Lost,lost,lost,https://www.reddit.com/gallery/18x0c26,https://lostonsol.com,https://twitter.com/savingslost,,,https://coin-images.coingecko.com/coins/images/35116/thumb/Black_Green_Minimalist_Modern_Woman_Twitter_Profile_Picture_%28100_x_100_px%29_%282%29.png?1707397173
wortheum,worth,Wortheum,worth,wortheum,https://www.reddit.com/gallery/18x0c26,https://wortheum.io,https://twitter.com/Wortheum_io,,,https://coin-images.coingecko.com/coins/images/34731/thumb/wortheum_logo.png?1705921427
ethereum,eth,Ethereum,eth,ethereum,https://www.reddit.com/gallery/18x0c26,https://www.ethereum.org/,https://twitter.com/ethereum,,https://www.reddit.com/r/ethereum,https://coin-images.coingecko.com/coins/images/279/thumb/ethereum.png?1696501628
get-token,get,GET Protocol,get,getprotocol,https://www.reddit.com/r/Pulsechain/comments/s8u4dw/how_to_not_get_scammed_and_wake_up_to_an_empty/,https://get-protocol.io/,https://twitter.com/getprotocol,,https://www.reddit.com/r/GETprotocol/,https://coin-images.coingecko.com/coins/images/1927/thumb/GET_Protocol.png?1696502916
ambire-wallet,wallet,Ambire Wallet,wallet,ambirewallet,https://www.reddit.com/r/Pulsechain/comments/s8u4dw/how_to_not_get_scammed_and_wake_up_to_an_empty/,https://www.ambire.com/,https://twitter.com/AmbireWallet,,https://www.reddit.com/r/AdEx/,https://coin-images.coingecko.com/coins/images/23154/thumb/wallet.PNG?1696522445
mother-iggy,mother,Mother Iggy,mother,motheriggy,https://i.redd.it/zm2ueld5p2lc1.jpeg,https://x.com/IGGYAZALEA,https://twitter.com/MOTHERprovides,,,https://coin-images.coingecko.com/coins/images/38269/thumb/mother.png?1716954537
octavia,via,Octavia,via,octavia,https://i.redd.it/zm2ueld5p2lc1.jpeg,https://octavia.one/,https://twitter.com/octaviatoken,,,https://coin-images.coingecko.com/coins/images/35108/thumb/logo_%281%29.png?1707382639
friend-tech,friend,Friend.tech,friend,friendtech,https://www.reddit.com/r/Scams/comments/18mg88c/friend_of_mine_i_believe_has_fallen_victim_to_a/,https://www.friend.tech/,https://twitter.com/friendtech,,,https://coin-images.coingecko.com/coins/images/37475/thumb/friend.jpeg?1714464901
minerva-money,mine,Minerva Money,mine,minervamoney,https://www.reddit.com/r/Scams/comments/18mg88c/friend_of_mine_i_believe_has_fallen_victim_to_a/,https://app.minerva.money/,https://twitter.com/MinervaOptimism,,,https://coin-images.coingecko.com/coins/images/30701/thumb/016-D86-A7-E242-4-DC5-860-A-E09-C92-F79-DD2.png?1696529571
alexgo,alex,ALEX Lab,alex,alexlab,https://clips.twitch.tv/PlausiblePlumpLarkHassanChop-_4OlXwreRgKx7LSC,,,,,https://coin-images.coingecko.com/coins/images/25837/thumb/ALEX_Token.png?1696524922
kim-token,kim,KIM Token,kim,kimtoken,https://www.cnbc.com/2022/01/12/kim-kardashian-and-floyd-mayweather-sued-over-alleged-crypto-scam.html,https://www.kim.exchange/,https://twitter.com/kimprotocol,,,https://coin-images.coingecko.com/coins/images/37504/thumb/kim.jpg?1714579040
moremoney-usd,money,Moremoney USD,money,moremoneyusd,https://www.reddit.com/gallery/16y5py1,https://moremoney.finance/,https://twitter.com/Moremoneyfi,,,https://coin-images.coingecko.com/coins/images/24237/thumb/money.png?1696523422
adreward,ad,ADreward,ad,adreward,https://www.youtube.com/watch?v=eVdTjxkM1TY,https://adreward.io,https://twitter.com/ADreward_AD,,,https://coin-images.coingecko.com/coins/images/29639/thumb/ADreward_AD_Logo_CoinGecko_200X200_%EB%B6%88%ED%88%AC%EB%AA%85.png?1696528576
agenor,age,Agenor,age,agenor,https://www.youtube.com/watch?v=eVdTjxkM1TY,,,,,
moonwell-artemis,well,Moonwell,well,moonwell,https://www.youtube.com/watch?v=eVdTjxkM1TY,https://moonwell.fi,https://twitter.com/MoonwellDeFi,,,https://coin-images.coingecko.com/coins/images/26133/thumb/WELL.png?1696525221
localtrade,ltt,LocalTrade,ltt,localtrade,https://i.redd.it/a0cj72l0tgpa1.png,https://lab.localtrade.cc/,https://twitter.com/LocaltradeC,,,https://coin-images.coingecko.com/coins/images/22838/thumb/odbAFHBFZOoBqBWusCYcMjubLI8GJOArvJtuAWzDBRw3bZf2vRmJogFe1sOaIKfGtQmLTcRSzSDskopEHk3Gkpq6gYmE4IPJjMTxAppDTH4s7878Ht-LjC-ejUOD6krZ55SvvZtyZSfiZoxPE_aQGO62-m_B2tpQrFXlJk4orXx49TP-ggeZ8pc3-3j97fRqDegEm1F89eq3gL.jpg?1696522139
belong,long,Belong,long,belong,https://i.redd.it/3zowy5kisay71.jpg,https://belong.net,,,,https://coin-images.coingecko.com/coins/images/37674/thumb/iphone.png?1715192300
mayfair,may,Mayfair,may,mayfair,https://www.washingtonpost.com/nation/2024/01/23/crypto-pastor-colorado-god-eli-regalado/,https://mayfair.fund/,https://twitter.com/mayfairfund,,,https://coin-images.coingecko.com/coins/images/30548/thumb/a1VkJI0r_400x400.jpg?1696529420
bitcoin-god,god,Bitcoin God,god,bitcoingod,https://www.washingtonpost.com/nation/2024/01/23/crypto-pastor-colorado-god-eli-regalado/,https://www.bitcoingod.org/,https://twitter.com/BitcoinGodOrg,https://www.facebook.com/BitcoinGodOrg,,https://coin-images.coingecko.com/coins/images/2543/thumb/bitcoin-god.png?1696503353
cryptozoo,zoo,CryptoZoo,zoo,cryptozoo,https://sportsmanor.com/wwe-news-after-1-8-million-cryptozoo-scandal-coffeezilla-exposes-a-brand-new-crypto-scam-from-logan-paul/,https://cryptozoo.co/,https://twitter.com/cryptozooco,,https://www.reddit.com/r/cryptozooco,https://coin-images.coingecko.com/coins/images/17337/thumb/cryptozoo.PNG?1696516889
brandpad-finance,brand,BrandPad Finance,brand,brandpadfinance,https://sportsmanor.com/wwe-news-after-1-8-million-cryptozoo-scandal-coffeezilla-exposes-a-brand-new-crypto-scam-from-logan-paul/,https://brandpad.finance/,https://twitter.com/BrandPadFinance,,,https://coin-images.coingecko.com/coins/images/19532/thumb/brandpad.PNG?1696518966
paul-token,paul,PAUL,paul,paul,https://sportsmanor.com/wwe-news-after-1-8-million-cryptozoo-scandal-coffeezilla-exposes-a-brand-new-crypto-scam-from-logan-paul/,https://aliens.farm,https://twitter.com/tezaliensfarm,,,https://coin-images.coingecko.com/coins/images/19494/thumb/paul.png?1696518930
ideachain,ich,IdeaChain,ich,ideachain,https://www.reddit.com/r/CryptoScams/comments/1cdpeek/ich_pro_ich_coin_crypto_scam/,,,,,
prodigy-bot,pro,Prodigy Bot,pro,prodigybot,https://www.reddit.com/r/CryptoScams/comments/1cdpeek/ich_pro_ich_coin_crypto_scam/,https://prodigybot.io/,https://twitter.com/Prodigy__Sniper,,,https://coin-images.coingecko.com/coins/images/31171/thumb/PRODIGY_LOGO_clean_%283%29.png?1696529999
brianarmstrongtrumpyellen,coin,BrianArmstrongTrumpYellenGTA6,coin,brianarmstrongtrumpyellengta6,https://www.reddit.com/r/CryptoScams/comments/1cdpeek/ich_pro_ich_coin_crypto_scam/,https://www.brianarmstrongtrumpyellengta6.com/,https://twitter.com/Coin_Wars,,,https://coin-images.coingecko.com/coins/images/33839/thumb/0x3e70f6806171873d17d4bfc984a6f9d20f5a9018.png?1703108075
hex,hex,HEX,hex,hex,https://www.reddit.com/r/CryptoCurrency/comments/q6pf7v/hex_crypto_scam_exposed_yet_again_majority_of/,https://hex.com,https://twitter.com/HEXcrypto,https://www.facebook.com/HEXcrypto,https://www.reddit.com/r/HEXcrypto/,https://coin-images.coingecko.com/coins/images/10103/thumb/HEX-logo.png?1696510130
malou,never,MALOU,never,malou,https://www.reddit.com/r/CryptoCurrency/comments/q6pf7v/hex_crypto_scam_exposed_yet_again_majority_of/,https://malou.win/,https://twitter.com/malounever,,,https://coin-images.coingecko.com/coins/images/38109/thumb/IMG_20240521_133029_920.jpg?1716533103
wall-street-bets,wsb,Wall Street Bets,wsb,wallstreetbets,https://www.reddit.com/r/wallstreetbets/comments/mub6t7/scam_alert_wallstreetbets_telegram_crypto/,https://wallstreetbets.space/,https://twitter.com/WSB_WallStreetB,,,https://coin-images.coingecko.com/coins/images/32095/thumb/GOoZ5azT_400x400.jpg?1696530893
solstream,stream,Solstream,stream,solstream,https://youtube.com/clip/UgkxeY11RKLwsm3xdjQcZ17JKyfs6HRwzs0j,https://www.solstream.io/,https://twitter.com/SolStreamCoin,,,https://coin-images.coingecko.com/coins/images/36325/thumb/200.png?1711097245
helpico,help,Helpico,help,helpico,https://www.reddit.com/r/CryptoScamBlacklist/comments/15yk8qe/help_crypto_scam/,,,,,
major-dog,major,Major Dog,major,majordog,https://clutchpoints.com/celtics-news-paul-pierce-named-in-major-crypto-scam-with-floyd-mayweather-jr-kim-kardashian/,https://majordog.xyz/,https://twitter.com/MajorDogErc,,,https://coin-images.coingecko.com/coins/images/37436/thumb/CC_20240503_195115.png?1715028421
bomb-shelter-inu,boom,Bomb Shelter Inu,boom,bombshelterinu,https://youtu.be/ORdWE_ffirg,https://bombshelterinu.com,https://twitter.com/BombShelterInu,,,https://coin-images.coingecko.com/coins/images/35947/thumb/BOOM_LOGO.png?1710234299
livex-network,live,Livex Network,live,livexnetwork,https://v.redd.it/6fsu0fpytaoc1,https://live-x.net/,https://twitter.com/Livexnetwork,,,https://coin-images.coingecko.com/coins/images/31911/thumb/live_x_200x200.png?1696530719
dogelon-mars,elon,Dogelon Mars,elon,dogelonmars,https://v.redd.it/6fsu0fpytaoc1,https://dogelonmars.com/,https://twitter.com/dogelonmars,,https://www.reddit.com/r/dogelon/,https://coin-images.coingecko.com/coins/images/14962/thumb/6GxcPRo3_400x400.jpg?1696514622
alan-musk,musk,Alan Musk,musk,alanmusk,https://v.redd.it/6fsu0fpytaoc1,,,,,https://coin-images.coingecko.com/coins/images/32262/thumb/28422.png?1707509906
wormhole,w,Wormhole,w,wormhole,https://v.redd.it/6fsu0fpytaoc1,https://wormhole.com/,https://twitter.com/wormhole,,,https://coin-images.coingecko.com/coins/images/35087/thumb/womrhole_logo_full_color_rgb_2000px_72ppi_fb766ac85a.png?1708688954
metawars,wars,MetaWars,wars,metawars,https://youtu.be/b2SMtcqE6yo,https://metawars.gg/,https://twitter.com/MetaWarsNFT,,https://www.reddit.com/r/MetaWarsNFT/,https://coin-images.coingecko.com/coins/images/19534/thumb/13105.png?1696518967
gochain,go,GoChain,go,gochain,https://youtu.be/b2SMtcqE6yo,https://gochain.io/,https://twitter.com/go_chain,https://www.facebook.com/gochaingo,https://www.reddit.com/r/OfficialGoChain,https://coin-images.coingecko.com/coins/images/3286/thumb/GoChain.png?1696503996
cryptoblades-kingdoms,king,CryptoBlades Kingdoms,king,cryptobladeskingdoms,https://youtu.be/b2SMtcqE6yo,https://cryptobladeskingdoms.io/,https://twitter.com/CBKingdoms,https://www.facebook.com/CryptoBlades_official,https://www.reddit.com/r/CryptoBlades_Kingdoms,https://coin-images.coingecko.com/coins/images/18728/thumb/cryptoblades-kingdoms.jpeg?1696518195
death-token,death,Death,death,death,https://youtu.be/b2SMtcqE6yo,https://www.deathtoken.net/,https://twitter.com/Death_FTM,,,https://coin-images.coingecko.com/coins/images/18350/thumb/death200x200.png?1696517839
2024pump,pump,2024PUMP,pump,2024pump,https://youtu.be/b2SMtcqE6yo,https://2024pump.com/,https://twitter.com/2024_Pump,,,https://coin-images.coingecko.com/coins/images/33052/thumb/200x200_2024_logo.png?1700474858
dump-trade,dump,dump.trade,dump,dumptrade,https://youtu.be/b2SMtcqE6yo,https://dump.trade,https://twitter.com/dumptrade,,,https://coin-images.coingecko.com/coins/images/36984/thumb/logo.png?1712945749
stealth-deals,deal,Stealth Deals,deal,stealthdeals,https://www.reddit.com/r/OutOfTheLoop/comments/11zm4mp/whats_the_deal_with_ltt_and_the_rise_of_crypto/,https://stealthdeals.org,https://twitter.com/StealthDealsETH,,,https://coin-images.coingecko.com/coins/images/33562/thumb/Stealth-Deals-2.png?1702443551
everrise,rise,EverRise,rise,everrise,https://www.reddit.com/r/OutOfTheLoop/comments/11zm4mp/whats_the_deal_with_ltt_and_the_rise_of_crypto/,https://www.everrise.com/,https://twitter.com/everrise,,https://www.reddit.com/r/EverRise,https://coin-images.coingecko.com/coins/images/16367/thumb/Logo_EverRise_Icon_logo.png?1696515966
lightyears,year,Lightyears,year,lightyears,https://www.reddit.com/r/OutOfTheLoop/comments/11zm4mp/whats_the_deal_with_ltt_and_the_rise_of_crypto/,,,,,
decentral-games-ice,ice,Decentral Games ICE,ice,decentralgamesice,https://youtu.be/A7MaoD4tJuc,,https://twitter.com/decentralgames,,,https://coin-images.coingecko.com/coins/images/18110/thumb/ice-poker.png?1696517614
poseidon-2,psdn,Poseidon,psdn,poseidon,https://youtu.be/A7MaoD4tJuc,https://www.h2odata.xyz/,https://twitter.com/H2O_data,,,https://coin-images.coingecko.com/coins/images/25316/thumb/psdn_32.png?1696524451
tryhards,try,TryHards,try,tryhards,https://youtu.be/A7MaoD4tJuc,https://tryhards.io/,https://twitter.com/Tryhardsio,,,https://coin-images.coingecko.com/coins/images/18624/thumb/TryHards_Tokenticker.png?1696518096
secret-block-hide,hide,Hide Coin,hide,hidecoin,https://youtu.be/A7MaoD4tJuc,https://secretblock.io,https://twitter.com/secretblockio,,,https://coin-images.coingecko.com/coins/images/37651/thumb/1000007001.png?1715159276
fact0rn,fact,Fact0rn,fact,fact0rn,https://youtu.be/A7MaoD4tJuc,,,,,
argo,argo,ArGoApp,argo,argoapp,https://www.reddit.com/r/ArgoBlockchain/comments/18p430w/argo_blockchain_scam_group/,https://spheron.network/,,,,https://coin-images.coingecko.com/coins/images/15477/thumb/Group_118.png?1696515122
million,mm,Million,mm,million,https://x.com/123456/status/1745319515389387186,https://milliontoken.org/,,,https://www.reddit.com/r/milliontoken/,https://coin-images.coingecko.com/coins/images/16825/thumb/logo200x200.png?1696516393
blockstack,stx,Stacks,stx,stacks,https://x.com/123456/status/1745319515389387186,http://stacks.co/,https://twitter.com/Stacks,,https://www.reddit.com/r/stacks,https://coin-images.coingecko.com/coins/images/2069/thumb/Stacks_Logo_png.png?1709979332
amaurot,ama,AMAUROT,ama,amaurot,https://x.com/123456/status/1745319515389387186,https://www.meta-utopia.io/,https://twitter.com/MW_MetaUtopia,,,https://coin-images.coingecko.com/coins/images/28229/thumb/10b06d6c-379f-4c34-b3f2-196a770a4512.png?1696527230
moon-app,app,Moon App,app,moonapp,https://www.reddit.com/r/BitcoinBeginners/comments/1cyja5h/blockchain_app_is_a_scam/,https://www.moonapp.io/,https://twitter.com/MoonAppOfficial,,,https://coin-images.coingecko.com/coins/images/34492/thumb/moon-app.jpeg?1705131046
jobai,job,JobAi,job,jobai,https://dailycoin.com/beware-of-crypto-job-scams-targeting-blockchain-developers/,https://jobai.shop/,https://twitter.com/JobAIofficial,,,https://coin-images.coingecko.com/coins/images/32374/thumb/Jobai-200x200-logo.png?1698032489
2024,2024,2024,2024,2024,https://londonlovesbusiness.com/blockchain-scams-hacks-2024-346-million-lost-ethereum-is-the-most-targeted/,https://2024happynewyear.xyz,https://twitter.com/2024_NewYear,,,
binance-peg-eos,eos,Binance-Peg EOS,eos,binancepegeos,https://www.reddit.com/r/CryptoCurrency/comments/bu9z4r/eos_is_not_a_blockchain_and_operates_as_a_scam/,https://eos.io/,https://twitter.com/block_one_,https://www.facebook.com/240536563111750,https://www.reddit.com/r/eos/,https://coin-images.coingecko.com/coins/images/15771/thumb/eos-eos-logo.png?1696515395
filmcredits,film,FILMCredits,film,filmcredits,https://www.reddit.com/r/IAmA/comments/14prsnz/i_produced_a_matteroffact_documentary_film_that/,https://decentralized.pictures/,https://twitter.com/DCP_Foundation,,https://www.reddit.com/r/decentralizedpictures/,https://coin-images.coingecko.com/coins/images/26308/thumb/3tWbk-T2_400x400.jpeg?1696525391
nft-stars,nfts,NFT Stars,nfts,nftstars,https://www.reddit.com/r/IAmA/comments/14prsnz/i_produced_a_matteroffact_documentary_film_that/,https://nftstars.app/,https://twitter.com/nftstars1,,,https://coin-images.coingecko.com/coins/images/16141/thumb/j2KHi8zR_400x400.png?1696515746
de-fi,defi,DeFi,defi,defi,https://www.reddit.com/r/IAmA/comments/14prsnz/i_produced_a_matteroffact_documentary_film_that/,,,,,https://coin-images.coingecko.com/coins/images/34369/thumb/defi_logo.png?1704905360
anon,anon,ANON,anon,anon,https://www.reddit.com/r/belgium/comments/1cctt99/blockchaincrypto_scam_calls_anon_number/,https://anoncrypto.io/,https://twitter.com/ANON_WeAreANON,,https://www.reddit.com/r/AnonymousBitcoin/,https://coin-images.coingecko.com/coins/images/6006/thumb/anon.png?1696506421
freedom-coin,free,FREEdom coin,free,freedomcoin,https://www.reddit.com/r/CryptoCurrency/comments/1clm6z8/scam_yt_influencer_personal_free_mentorship/,https://www.FREEcoin.technology,https://twitter.com/THE_FREE_COIN,https://www.facebook.com/theFREEcoin,,https://coin-images.coingecko.com/coins/images/5585/thumb/free.png?1696506051
data-bot,data,DataBot,data,databot,https://www.reddit.com/gallery/17flc5h,https://www.data-bot.xyz/,https://twitter.com/databot_xyz,,,https://coin-images.coingecko.com/coins/images/31508/thumb/Databot_LOGO_coingecko.png?1696530318
strong,strong,Strong,strong,strong,https://www.youtube.com/watch?v=B28UHQzgYvM&feature=youtu.be,https://strongblock.io/,https://twitter.com/Strongblock_io,https://www.facebook.com/StrongBlock.io,,https://coin-images.coingecko.com/coins/images/12092/thumb/STRONG-Token-256x256.png?1696511938
book-2,book,BOOK,book,book,https://www.reddit.com/r/Buttcoin/comments/18505c2/ama_peter_howson_author_of_the_new_book_let_them/,https://book.io,https://twitter.com/book_io,,,https://coin-images.coingecko.com/coins/images/32590/thumb/book.jpg?1713345585
linkeye,let,Linkeye,let,linkeye,https://www.reddit.com/r/Buttcoin/comments/18505c2/ama_peter_howson_author_of_the_new_book_let_them/,https://www.linkeye.com/,https://twitter.com/LinkEyeProject,https://www.facebook.com/linkeye.linkeye,https://www.reddit.com/r/ico/,https://coin-images.coingecko.com/coins/images/1814/thumb/linkeye.png?1696502815
worldwide,world,WORLDWIDE,world,worldwide,https://www.reddit.com/r/Buttcoin/comments/18505c2/ama_peter_howson_author_of_the_new_book_let_them/,https://theworldwidetoken.com,https://twitter.com/WORLDWIDE_TOKEN,,,https://coin-images.coingecko.com/coins/images/31862/thumb/Final_Logo_TP1.png?1696530675
post-tech,post,Post.Tech,post,posttech,https://www.reddit.com/r/Buttcoin/comments/18505c2/ama_peter_howson_author_of_the_new_book_let_them/,https://post.tech/home,https://twitter.com/PostTechSoFi,,,https://coin-images.coingecko.com/coins/images/34260/thumb/bird-logo-color.png?1704360008
pete,pete,PETE,pete,pete,https://www.reddit.com/r/Buttcoin/comments/18505c2/ama_peter_howson_author_of_the_new_book_let_them/,https://pete.so/,https://twitter.com/petefrogduck,,,https://coin-images.coingecko.com/coins/images/32379/thumb/pete_coin_%281%29.png?1698040918
constitutiondao,people,ConstitutionDAO,people,constitutiondao,https://www.reddit.com/r/Bitcoin/comments/103iug7/why_are_people_saying_blockchaincom_is_a_scam/,,,,,https://coin-images.coingecko.com/coins/images/20612/thumb/GN_UVm3d_400x400.jpg?1696520017
doctor-evil,evil,Doctor Evil,evil,doctorevil,https://au.finance.yahoo.com/news/nab-banker-saves-desperate-couple-from-elaborate-40k-scam-043451181.html,http://doctorevil.io/,https://twitter.com/DoctorEvil_io,,,https://coin-images.coingecko.com/coins/images/31240/thumb/EvilLogo200x200.png?1696530066
bank,bank,BANK AI,bank,bankai,https://au.finance.yahoo.com/news/nab-banker-saves-desperate-couple-from-elaborate-40k-scam-043451181.html,https://bankai.app/,https://twitter.com/Bank_AIETH,,,https://coin-images.coingecko.com/coins/images/31407/thumb/bankai.jpeg?1713247357
putincoin,put,PUTinCoin,put,putincoin,https://au.finance.yahoo.com/news/nab-banker-saves-desperate-couple-from-elaborate-40k-scam-043451181.html,https://putincoin.org,https://twitter.com/coin_put,,https://www.reddit.com/r/PutinCoin/,https://coin-images.coingecko.com/coins/images/773/thumb/putincoin.png?1696501925
game,gtc,Game,gtc,game,https://www.cryptopolitan.com/the-game-charged-for-promoting-scam-ico,,,,,https://coin-images.coingecko.com/coins/images/2046/thumb/game.png?1696503014
gocharge-tech,charged,GoCharge Tech,charged,gochargetech,https://www.cryptopolitan.com/the-game-charged-for-promoting-scam-ico,https://gocharge.tech/,https://twitter.com/goChargeHQ,,,https://coin-images.coingecko.com/coins/images/32969/thumb/logo.png?1700056550
antmons,ams,Antmons,ams,antmons,https://www.reddit.com/r/Scams/comments/18xf37c/ams20t_or_ams_token_the_latest_iteration_of_the/,https://antmons.com/,https://twitter.com/AntmonsOfficial,,,https://coin-images.coingecko.com/coins/images/31922/thumb/antmons.jpg?1696530730
white-lotus,lotus,White Lotus,lotus,whitelotus,https://www.reddit.com/r/CryptoCurrency/comments/7wmp1f/scam_lotus_ico_lotussh_has_me_listed_as_a_team/,https://thewhitelotus.xyz/,,,,https://coin-images.coingecko.com/coins/images/30206/thumb/logo2.png?1696529116
member,member,member,member,member,https://www.reddit.com/r/CryptoCurrency/comments/7wmp1f/scam_lotus_ico_lotussh_has_me_listed_as_a_team/,https://member.clinic/,https://twitter.com/mlmwtf,,,https://coin-images.coingecko.com/coins/images/36041/thumb/member-coingecko.png?1710400496
likecoin,like,LikeCoin,like,likecoin,https://www.reddit.com/r/CryptoCurrency/comments/11d29fl/did_i_just_get_scammed_like_a_noob_by_an_ico_qtn/,https://like.co/,https://twitter.com/likecoin,https://www.facebook.com/Liker.Land,,https://coin-images.coingecko.com/coins/images/10212/thumb/likecoin.png?1696510228
gensler,sec,gensler,sec,gensler,https://i.redd.it/oyt97rfgt6ub1.jpg,https://www.genslersec.world/,,,,https://coin-images.coingecko.com/coins/images/38296/thumb/gensler%28SEC%29.png?1717023674
rug-rugged-art,rug,Rug,rug,rug,https://i.redd.it/oyt97rfgt6ub1.jpg,https://www.rugged.art/,https://twitter.com/rugged_dot_art,,,https://coin-images.coingecko.com/coins/images/35096/thumb/photo_2024-02-06_19-27-44.jpg?1707372728
solspend,spend,SolSpend,spend,solspend,https://i.redd.it/oyt97rfgt6ub1.jpg,,,,,https://coin-images.coingecko.com/coins/images/36570/thumb/solspend.jpeg?1711951013
batcat,btc,batcat,btc,batcat,https://i.redd.it/oyt97rfgt6ub1.jpg,https://batcat.lol/,https://twitter.com/BatCatonsolana,,,https://coin-images.coingecko.com/coins/images/36627/thumb/photo_2024-03-29_21-53-44.jpg?1712015970
defispot,spot,Defispot,spot,defispot,https://i.redd.it/oyt97rfgt6ub1.jpg,https://defispot.com/,https://twitter.com/defispot,,,https://coin-images.coingecko.com/coins/images/36813/thumb/Defispot_200x200_icon.jpg?1712548786
etf-rocks,etf,ETF Rocks,etf,etfrocks,https://i.redd.it/oyt97rfgt6ub1.jpg,https://etf.rocks,,,,https://coin-images.coingecko.com/coins/images/34633/thumb/logo-etf-color-200x200.png?1705548981
send-finance,send,Send Finance,send,sendfinance,https://www.reddit.com/r/ethereum/comments/7nvigr/warning_scam_ico_othororg_list_vitalik_as_a_team/,https://send.finance/,https://twitter.com/send_finance_,,,https://coin-images.coingecko.com/coins/images/33639/thumb/IMG_20231213_084952_753.jpg?1702537949
rush-2,rush,RUSH,rush,rush,https://www.reddit.com/r/CryptoScams/comments/18fikiw/nuggest_rush_ico_nugx_is_a_scam/,https://solanarush.com,https://twitter.com/solanarush,,,https://coin-images.coingecko.com/coins/images/34161/thumb/rush_logo_circle-2.png?1704213653
savedroid,svd,Savedroid,svd,savedroid,https://www.ccn.com/over-and-out-savedroid-ico-makes-apparent-exit-scam/,https://ico.savedroid.com/,https://twitter.com/savedroidAG,https://www.facebook.com/savedroid,https://www.reddit.com/r/savedroid_ico/,https://coin-images.coingecko.com/coins/images/2852/thumb/savedroid.png?1696503609
blacksmith-token,bs,Blacksmith Token,bs,blacksmithtoken,https://i.redd.it/76p2qepcrpsz.jpg,https://www.blacksmith.so/,https://twitter.com/Blacksmith0x,,,https://coin-images.coingecko.com/coins/images/30806/thumb/roGLhC57_400x400.jpg?1696529664
we-re-so-back,back,We're so back,back,weresoback,https://i.redd.it/76p2qepcrpsz.jpg,https://soback.money/,https://twitter.com/OVERorBACK,,,https://coin-images.coingecko.com/coins/images/36636/thumb/back-icon_1.png?1712955207
butter,butter,Butter,butter,butter,https://arstechnica.com/tech-policy/2018/12/ohio-congressman-we-can-fund-border-wall-with-wallcoin/,https://www.butter.lol/,https://twitter.com/buttercoineth,,,https://coin-images.coingecko.com/coins/images/30252/thumb/butterlogotrans.png?1696529161
a-fund-baby,fund,A Fund Baby,fund,afundbaby,https://arstechnica.com/tech-policy/2018/12/ohio-congressman-we-can-fund-border-wall-with-wallcoin/,https://staking.canisventures.com,https://twitter.com/AskFundBaby,,,https://coin-images.coingecko.com/coins/images/30955/thumb/fund_baby.jpg?1696529794
du-rove-s-wall,$wall,Du Roveâ€™s Wall,wall,duroveswall,https://arstechnica.com/tech-policy/2018/12/ohio-congressman-we-can-fund-border-wall-with-wallcoin/,https://wall-jetton.org/,,,,https://coin-images.coingecko.com/coins/images/37287/thumb/1.png?1713946187
mollarstoken,mollars,MollarsToken,mollars,mollarstoken,https://www.reddit.com/r/CryptoMoonShots/comments/18hql2v/mollars_mollars_ico_store_of_value_erc20_sov/,https://mollars.com,https://twitter.com/mollarstoken,,,https://coin-images.coingecko.com/coins/images/38435/thumb/cmc200x200.png?1717535763
bit-store-coin,store,Bit Store,store,bitstore,https://www.reddit.com/r/CryptoMoonShots/comments/18hql2v/mollars_mollars_ico_store_of_value_erc20_sov/,https://bit.store/bitstore/,https://twitter.com/www_bit_store,,https://www.reddit.com/r/bitstore/,https://coin-images.coingecko.com/coins/images/20463/thumb/bit_store.PNG?1696519868
value-liquidity,value,Value DeFi,value,valuedefi,https://www.reddit.com/r/CryptoMoonShots/comments/18hql2v/mollars_mollars_ico_store_of_value_erc20_sov/,https://valuedefi.io/,https://twitter.com/value_defi,,,https://coin-images.coingecko.com/coins/images/12525/thumb/value_logo_-_500x500.png?1696512338
shib-original-vision,sov,Shib Original Vision,sov,shiboriginalvision,https://www.reddit.com/r/CryptoMoonShots/comments/18hql2v/mollars_mollars_ico_store_of_value_erc20_sov/,,,,,https://coin-images.coingecko.com/coins/images/29601/thumb/photo_2023-03-19_19-07-40_2.png?1696528539
crypto-valleys-yield-token,yield,Crypto Valleys YIELD Token,yield,cryptovalleysyieldtoken,https://www.reddit.com/r/CryptoCurrency/comments/n074xs/these_defi_yield_farming_and_meme_coins_are_the/,,,,,https://coin-images.coingecko.com/coins/images/36231/thumb/crypto-valleys.jpeg?1710906095
meme-brc-20,meme,MEME (Ordinals),meme,memeordinals,https://www.reddit.com/r/CryptoCurrency/comments/n074xs/these_defi_yield_farming_and_meme_coins_are_the/,https://www.memebrc.com/,https://twitter.com/memebrc,,,https://coin-images.coingecko.com/coins/images/30198/thumb/MEME.png?1701783293
no-one,noone,No One,noone,noone,https://www.reddit.com/r/CryptoScams/comments/xpcnd3/tknthe_17m_ico_scam_noone_talks_about/,https://no-one.io,https://twitter.com/NooneProphecy,,https://www.reddit.com/r/noone_erc/,https://coin-images.coingecko.com/coins/images/19393/thumb/logo-200x200_%289%29.png?1696518833
smartlink,smak,Smartlink,smak,smartlink,https://www.reddit.com/r/tezos/comments/n1r3f3/smartlink_ico_potential_scam_tezos_be_aware_of_it/,https://www.smartlink.so/,https://twitter.com/smartlinkHQ,,https://www.reddit.com/r/SmartlinkOfficial/,https://coin-images.coingecko.com/coins/images/19445/thumb/smartlink.PNG?1696518883
tezos,xtz,Tezos,xtz,tezos,https://www.reddit.com/r/tezos/comments/n1r3f3/smartlink_ico_potential_scam_tezos_be_aware_of_it/,https://www.tezos.com/,https://twitter.com/tezos,,https://www.reddit.com/r/tezos,https://coin-images.coingecko.com/coins/images/976/thumb/Tezos-logo.png?1696502091
looksrare,looks,LooksRare,looks,looksrare,https://www.reddit.com/r/ethtrader/comments/63nv4u/to_everyone_that_bought_into_the_matchpool_ico_it/,,,,,https://coin-images.coingecko.com/coins/images/22173/thumb/circle-black-256.png?1696521517
pulselaunch,launch,PulseLaunch,launch,pulselaunch,https://twitter.com/alemacgo/status/966072887319973891,https://www.pulselaunch.xyz/,https://twitter.com/Pulse_Launch,,,https://coin-images.coingecko.com/coins/images/36829/thumb/gradient_black_rocket_200x200.png?1712557340
ccfound-2,found,ccFound,found,ccfound,https://www.reddit.com/r/CryptoCurrency/comments/7jjkmn/after_being_raped_by_confido_i_want_to_warn_other/,https://shop.ccfound.com/,https://twitter.com/ccFOUND_Global,,,https://coin-images.coingecko.com/coins/images/37892/thumb/ccfound.jpeg?1715847035
harmony,one,Harmony,one,harmony,https://www.reddit.com/r/CryptoCurrency/comments/7jjkmn/after_being_raped_by_confido_i_want_to_warn_other/,https://harmony.one/,https://twitter.com/harmonyprotocol,,https://www.reddit.com/r/harmony_one/,https://coin-images.coingecko.com/coins/images/4344/thumb/Y88JAze.png?1696504947
status,snt,Status,snt,status,https://i.redd.it/ykh6phj3an4z.png,https://status.im/,https://twitter.com/ethstatus,https://www.facebook.com/ethstatus,https://www.reddit.com/r/statusim/,https://coin-images.coingecko.com/coins/images/779/thumb/status.png?1696501931
big-eyes,big,Big Eyes,big,bigeyes,https://www.reddit.com/r/CryptoCurrency/comments/m6b53a/sbf_alameda_group_are_a_big_scam_entity_beware_of/,,,,,https://coin-images.coingecko.com/coins/images/30824/thumb/200-200.jpg?1696529677
tron,trx,TRON,trx,tron,https://www.reddit.com/r/CryptoCurrency/comments/v1mrz5/so_are_we_going_to_ignore_that_tron_trx_with_75/,https://tron.network,https://twitter.com/trondao,https://www.facebook.com/tronfoundation,https://www.reddit.com/r/Tronix,https://coin-images.coingecko.com/coins/images/1094/thumb/tron-logo.png?1696502193
based-brians,cap,Based Brians,cap,basedbrians,https://www.reddit.com/r/CryptoCurrency/comments/v1mrz5/so_are_we_going_to_ignore_that_tron_trx_with_75/,https://www.basedbrians.art,https://twitter.com/BriansBased,,,https://coin-images.coingecko.com/coins/images/36029/thumb/based_brian_coingecko.png?1710389319
paid-network,paid,PAID Network,paid,paidnetwork,https://v.redd.it/mcakngaf4dzb1,https://paidnetwork.com/,https://twitter.com/paid_network,,,https://coin-images.coingecko.com/coins/images/13761/thumb/512.png?1696513503
openworldnft,owner,OPENWORLDNFT,owner,openworldnft,https://i.redd.it/2edm6xt08zhb1.png,https://openworldnft.io/,https://twitter.com/OpenWorldNFT999,,,https://coin-images.coingecko.com/coins/images/33429/thumb/logo-removebg-preview.png?1701817435
chainlink,link,Chainlink,link,chainlink,https://youtu.be/AVqcwi1ZTSA,https://chain.link/,https://twitter.com/chainlink,,https://www.reddit.com/r/Chainlink/,https://coin-images.coingecko.com/coins/images/877/thumb/chainlink-new-logo.png?1696502009
banano,ban,Banano,ban,banano,https://i.redd.it/eg9xi7bqi1i81.png,https://banano.cc,https://twitter.com/bananocoin,https://www.facebook.com/bananocurrency,https://www.reddit.com/r/banano/,https://coin-images.coingecko.com/coins/images/6226/thumb/banano-transparent.png?1696506611
subsocial,sub,Subsocial,sub,subsocial,https://i.redd.it/eg9xi7bqi1i81.png,https://subsocial.network/,https://twitter.com/subsocialchain,https://www.facebook.com/Subsocial.Network,https://www.reddit.com/r/Subsocial/,https://coin-images.coingecko.com/coins/images/15880/thumb/icon___gradient_1.png?1696515495
chesscoin-0-32,chess,ChessCoin 0.32%,chess,chesscoin032,https://twitter.com/DietColaNation/status/1524991842550288384,https://www.chesscoin032.com/,https://twitter.com/032ChessCoin,,,https://coin-images.coingecko.com/coins/images/12945/thumb/200x200_%281%29_cheescoin_0.32_.png?1696512734
family-guy,guy,Family Guy,guy,familyguy,https://www.youtube.com/watch?v=exbxjXAqQ5Y,http://guycoin.xyz/,https://twitter.com/guycoineth,,,https://coin-images.coingecko.com/coins/images/30435/thumb/photo_2023-05-16_18-24-10_%281%29.png?1696529323
everyworld,every,Everyworld,every,everyworld,https://www.reddit.com/r/ethereum/comments/tz7p9w/i_fell_for_every_nft_scam_in_10_minutes/,https://www.everyworld.com/,https://twitter.com/JoinEveryworld,,,https://coin-images.coingecko.com/coins/images/36799/thumb/coin_gecko.png?1714459237
unicorn-metaverse,universe,Unicorn Metaverse,universe,unicornmetaverse,https://v.redd.it/ihhazv6yucx81,https://rarity.garden/,https://twitter.com/rarity_garden,,,https://coin-images.coingecko.com/coins/images/33077/thumb/rar4.JPG?1700549656
eve,eve the cat,EVE,evethecat,eve,https://www.reddit.com/r/Eve/comments/qql2sf/eve_shouldnt_get_in_on_nft_scams/,https://evecat.tech,https://twitter.com/EVEtheCatFRAX,,,https://coin-images.coingecko.com/coins/images/35928/thumb/EVE_logo.png?1710225194
aicoin-2,ai,AICoin,ai,aicoin,https://cointelegraph.com/news/rabbit-denies-nft-scam-allegations-coffeezilla,https://www.aicoin.website/,https://twitter.com/AICoin_Official,,,https://coin-images.coingecko.com/coins/images/30308/thumb/HZixmXSs_400x400.jpg?1696529211
gangs-rabbit,rabbit,Gangs Rabbit,rabbit,gangsrabbit,https://cointelegraph.com/news/rabbit-denies-nft-scam-allegations-coffeezilla,https://gangsrabbit.com,https://twitter.com/GangsRabbit7777,,,https://coin-images.coingecko.com/coins/images/29705/thumb/200x200.jpg?1696528637
build,build,BUILD,build,build,https://futurism.com/logan-paul-nft-game,https://app.radioshack.org,https://twitter.com/radioshack,https://www.facebook.com/RadioShack,,https://coin-images.coingecko.com/coins/images/26533/thumb/BUILD.png?1696525607
holoride,ride,holoride,ride,holoride,https://www.reddit.com/r/DotA2/comments/rj5w5a/psa_global_esports_federation_is_an_nft_scam_that/,,,,,https://coin-images.coingecko.com/coins/images/21626/thumb/RIDE_Token_Symbol_MASTER.png?1696520986
esport,espt,Esport,espt,esport,https://www.reddit.com/r/DotA2/comments/rj5w5a/psa_global_esports_federation_is_an_nft_scam_that/,https://www.bitci.com.tr/en/projects/ESPT,,,,https://coin-images.coingecko.com/coins/images/32344/thumb/ESPT.png?1700257775
bitcoin,btc,Bitcoin,btc,bitcoin,https://www.reddit.com/r/scambait/comments/1d1nk2t/bitcoin_nft_scam_from_india/,http://www.bitcoin.org,https://twitter.com/bitcoin,https://www.facebook.com/bitcoins,https://www.reddit.com/r/Bitcoin/,https://coin-images.coingecko.com/coins/images/1/thumb/bitcoin.png?1696501400
keep-finance,keep,Keep Finance,keep,keepfinance,https://i.redd.it/452mryzsog581.jpg,https://keep.finance/,https://twitter.com/Keep_Finance,,,https://coin-images.coingecko.com/coins/images/35699/thumb/Keep-icon-200*200.png?1709550148
helium,hnt,Helium,hnt,helium,https://www.reddit.com/gallery/133dx7i,https://www.helium.com/,https://twitter.com/helium,https://www.facebook.com/heliumsystems,https://www.reddit.com/r/HeliumNetwork,https://coin-images.coingecko.com/coins/images/4284/thumb/Helium_HNT.png?1696504894
reallink,real,RealLink,real,reallink,https://www.reddit.com/gallery/19an218,https://www.reallink.vip/,https://twitter.com/RealLink001,,,https://coin-images.coingecko.com/coins/images/20665/thumb/ONqv4NJP_400x400.jpg?1696520066
konpay,kon,KonPay,kon,konpay,https://www.reddit.com/r/h3snark/comments/1ccd8jv/ethan_threatens_to_sue_kon_regarding_their_take/,https://konpay.io/,https://twitter.com/konpay_official,,,https://coin-images.coingecko.com/coins/images/26128/thumb/konlogo_200x200_white.png?1696525217
takepile,take,Takepile,take,takepile,https://www.reddit.com/r/h3snark/comments/1ccd8jv/ethan_threatens_to_sue_kon_regarding_their_take/,https://takepile.com,https://twitter.com/takepile_,,,https://coin-images.coingecko.com/coins/images/27285/thumb/TAKE_token_200_x_200.png?1696526337
imagine,imagine,Imagine,imagine,imagine,https://i.redd.it/tnrwrcbv0ppa1.png,https://imagine.community/,https://twitter.com/imagineinfra,,,https://coin-images.coingecko.com/coins/images/36551/thumb/imaginelogo.png?1711895557
degen-pov,pov,Degen POV [OLD],pov,degenpovold,https://i.redd.it/7xnp0jcmvxf81.jpg,https://degenpov.xyz,https://twitter.com/povdegen,,,https://coin-images.coingecko.com/coins/images/37032/thumb/pov_pp_200x200.png?1713158652
hugewin,huge,HugeWin,huge,hugewin,https://www.reddit.com/r/CryptoScams/comments/1bzo30j/huge_scam_network_discovered_draining_millions/,https://hugewin.com/,https://twitter.com/hugewincasino,,,https://coin-images.coingecko.com/coins/images/35923/thumb/2024-03-01_17.49.27_%281%29.png?1710221459
farmers-only,fox,FoxSwap,fox,foxswap,https://www.reddit.com/r/kings/comments/t0lzt3/anybody_defending_deaaron_fox_and_the_nft_scam/,,,,,https://coin-images.coingecko.com/coins/images/18792/thumb/FOX-Logo.png?1696518254
three,$three,THREE,three,three,https://www.coindesk.com/policy/2024/06/06/us-charges-three-in-connection-with-evolved-apes-nft-scam/,http://threeprotocol.ai/,,,,https://coin-images.coingecko.com/coins/images/37486/thumb/Three_Token_Logo_circle.png?1716085851
age-of-apes,apes,AGE OF APES,apes,ageofapes,https://www.coindesk.com/policy/2024/06/06/us-charges-three-in-connection-with-evolved-apes-nft-scam/,https://www.theageofapes.com/,https://twitter.com/theageofapes,,,https://coin-images.coingecko.com/coins/images/33498/thumb/1000050196.png?1704994792
darkcrypto,dark,DarkCrypto,dark,darkcrypto,https://www.reddit.com/r/Superstonk/comments/sly7nn/you_think_an_nft_is_a_scam_how_do_you_feel_about/,https://www.darkcrypto.finance/,https://twitter.com/DarkCryptoFi,,,https://coin-images.coingecko.com/coins/images/22456/thumb/DARK_bgWhite.png?1696521779
beholder,eye,Behodler,eye,behodler,https://www.reddit.com/r/Superstonk/comments/sly7nn/you_think_an_nft_is_a_scam_how_do_you_feel_about/,https://behodler.io,https://twitter.com/BehodlerAMM,,,https://coin-images.coingecko.com/coins/images/12804/thumb/etherscan-eye-2-1.png?1696512597
stakeborg-dao,standard,Construct,standard,construct,https://www.reddit.com/r/Superstonk/comments/sly7nn/you_think_an_nft_is_a_scam_how_do_you_feel_about/,https://construct.tools/,https://twitter.com/construct_tools,,,https://coin-images.coingecko.com/coins/images/20119/thumb/construct200px.png?1696519536
