airdrop_name,positive,neutral,negative
Zaros,14,19,1
Avarik Saga,2,0,0
Rainbow,23,17,3
Forma,1207,667,539
GaiaNet,0,0,0
Hyperliquid,13,0,2
Onchain,57,12,16
Syrup,5,3,9
Sender Labs,0,0,0
Ithaca Protocol,1,2,0
Marginly,0,0,0
Anichess,0,0,0
Equation,31,31,12
Quantcheck,0,0,0
Nekodex,13,1,0
Taiko,11,2,0
Fantasy Top,40,17,4
Anzen,0,1,0
EVAA Protocol,0,0,0
Eigenpie,3,0,0
Oasis AI,20,0,1
Nexo,26,13,12
CEX.IO,0,0,0
Pencils Protocol,0,2,0
Plume Network,16,24,3
Cryptopia,20,7,36
OpenGPU Network,0,0,0
Iskra,8,4,1
Lingo,18,108,6
Gravita Protocol,0,0,0
Initia,425,259,206
Token Metrics,4,4,0
Gamium,24,3,1
Agora,21,9,8
Liquidium,1,1,0
AutoLayer,0,0,0
Infinex,7,3,2
EtherMail,2,0,0
Vooi,1,1,0
Lyra,16,1,3
tea,3736,1208,1121
Corridor Finance,0,0,0
Nyan Heroes,0,0,0
M2,57,26,37
EYWA,17,6,13
deBridge,4,1,2
Delabs Games,12,0,0
Dwinity,0,0,0
ThetaNuts Finance,1,0,0
World PvP,24,5,13
Thruster,2,0,0
Rabby Wallet,17,5,17
Tari,155,114,83
Imaginary Ones,76,7,1
Glacier Network,3,0,0
Zyfi,0,0,0
Storm Trade,2,0,0
Phaver,1,0,0
EigenLayer,27,17,34
Elfin,5,1,0
Masa,20,9,1
SpaceCatch,2,0,0
Mande Network,5,0,2
Xtremeverse,11,56,10
Fyde,6,2,2
Ekubo,16,0,4
CAGA,2,0,0
Sanctum,51,16,7
zkPass,8,0,0
My Lovely Planet,2,2,3
Tabi,256,189,99
Mode,1050,679,873
Particle Network,6,2,0
XSwap,1,2,0
ZeroLend,1,0,0
Aperture Finance,10,24,2
Primex,34,12,58
MYTH,179,23,27
Immutable,52,184,12
Drift Protocol,3,0,1
Another-1,0,0,0
Raiinmaker,15,0,1
Renzo,2,0,0
Blackwing,43,7,9
Kamino,5,0,0
Saltwater Games,1,0,0
UpRock,6,0,1
LunarStorm,0,1,1
Revolving Games,8,0,0
PlanetQuest,14,0,0
Zoth,17,6,5
IntentX,0,0,0
BeFi Labs,2,0,0
Reya Network,0,0,0
Moongate,9,3,7
Sophon,1,0,0
Pixelverse,3,4,0
Apillon,1,0,0
Bemo,3,0,2
MilkyWay,13,2,6
Astaria,2,0,1
BSX,7,0,0
OrangeLayer,0,0,0
InceptionLRT,0,0,0
MANTRA,26,14,10
BounceBit,1,0,0
BlastOff,33,0,1
Soarchain,7,0,0
Elixir,42,6,3
Omni Network,13,0,0
Solv Protocol,7,6,1
Planet Mojo,32,1,0
Parcl,3,2,2
DTX,31,8,5
Ultimate Digits,0,0,0
Zeta,17,2,3
MPRO Lab,0,0,0
Juice,15,6,9
Karak,45,18,6
RedStone,7,3,1
Tensor,12,0,0
Pac Finance,4,0,0
OverTrip,6,7,6
BlockGames,0,0,0
Grass,23,18,27
Warden Protocol,0,0,0
Base Name Service,0,0,0
Scallop,6,2,0
SynFutures,2,1,0
Orderly Network,1,0,0
StarryNift,0,0,0
Wormhole,14,17,10
Hava Coin,0,0,1
Battle Showdown: Gambit,0,0,0
Ethena,35,10,13
Data Ownership Protocol,0,0,0
Pryzm,37,9,31
COTI,26,39,11
A51,3,0,0
ZKE Exchange,0,0,0
Sharpe,40,10,14
Aries Markets,0,0,0
Elys Network,1,0,0
Haven1,13,0,0
Helix,25,15,8
Kelp DAO,20,6,0
mySwap,1,0,0
Braavos,0,1,0
Tortuga Finance,0,0,0
BNB Chain,7,7,7
Aptin Finance,0,0,0
UniRouter,0,2,0
Aptos,21,6,7
beoble,3,0,0
Param Gaming,13,0,0
XYRO,15,2,15
Plena,1,0,0
Polyhedra Network,22,3,2
ether.fi,0,0,0
DFlow,0,2,0
zkLend,4,1,0
Defispot,2,0,4
Cyber,80,24,51
Boson Protocol,14,1,0
Metis,11,2,0
DistrictOne,2,0,1
Layer3,1,1,1
Entangle,18,11,2
Panther Protocol,1,3,2
Memecoin,92,26,37
Teller,16,21,13
Gomble Games,0,0,0
Parallel Network,10,4,2
Ouinex,0,0,0
Mocaverse,2,2,0
Venom,15,6,5
SYNTHR,2,0,0
Wen Exchange,13,0,0
YOLO Games,5,0,4
Lava,10,8,3
Blast,115,33,44
InvArch,9,0,0
KiloEx,0,0,0
Avantis,40,10,3
Zircuit,1,0,0
Hana Network,5,1,1
MetaStreet,1,0,0
NuLink,3,0,0
Ambit Finance,7,1,3
Smart Layer,5,2,0
MON Protocol,13,0,0
Rio Network,0,0,0
Optimism,114,41,12
Blaster,5,6,10
StarkNet,41,9,2
AltLayer,2,0,0
Pixels,12,2,17
Kinetix Finance,0,0,0
Aftermath Finance,0,0,0
AVNU,13,0,2
Bluefin,53,32,7
Overlay Protocol,55,54,10
ClayStack,0,1,0
Retro Bridge,1,0,0
Dymension,1,1,0
INIT Capital,0,0,0
B² Network,0,0,0
Pike,174,85,45
ZetaChain,11,2,0
Partisia Blockchain,2,0,0
Jupiter,6,5,0
Aether,9,0,3
Nostra,14,6,2
edeXa,1,0,0
Undeads,37,0,0
Aether Games,4,0,0
Dmail Network,4,0,0
Presearch,5,0,0
Bitcoin Virtual Machine,1,0,0
StackingDAO,4,5,1
NAVI Protocol,4,2,1
Mind Network,76,26,38
XION,115,18,0
Ready To Fight,7,2,2
BRC-20 DEX,0,0,0
Web3Go,1,0,0
Berachain,3,0,0
Synonym,2,4,7
eesee,1,0,0
Unigraph Protocol,0,0,0
Virtual Labs,0,0,0
Manta Network,6,0,0
Sound.xyz,0,0,0
Reveel,9,1,6
Rain.fi,0,0,0
CARV,42,6,8
Swell,28,24,6
Frame,170,114,53
TeleportDAO,3,1,2
Seamless Protocol,0,0,0
BRC20,8,4,5
Kinza Finance,0,0,4
Elusiv,28,11,4
Phoenix,108,48,34
Marinade,4,1,0
Jito,14,15,12
Term Structure,27,5,7
Affine,4,10,0
NovaDEX,5,0,3
Futureverse,2,0,0
Script Network,1,0,0
Hinkal,0,0,0
Patex,17,0,0
Pyth Network,6,0,0
Meuna,1,0,0
Satori,3,0,2
marginfi,1,0,0
Scroll Name Service,0,0,0
Aori,101,39,17
GRVT,4,1,0
ShanHai,2,0,3
Tezos Domains,0,1,0
Derivio,0,0,0
Celestia,23,6,18
Base,1834,993,637
BlueLight,10,1,33
Forcefi,0,0,0
Verida,18,0,3
Xai,14,0,4
Omni,116,104,24
OKX,28,14,9
Mangrove,5,3,0
Altitude,2,0,1
Ambient,1,3,2
Connext,3,9,0
Okto x QuickSwap,0,0,0
Clipper,19,9,10
MoonlandMeta,0,0,0
Basilisk,17,7,7
Lightlink,43,0,2
Extra Finance,19,4,6
Chainflip,0,0,0
Web3Eco,0,0,0
Hubble Exchange,2,0,0
HMX,45,8,1
MELD,86,10,1
Worldcoin,8,3,16
DX25,8,0,0
Tsunami Finance,6,1,0
TapiocaDAO,0,0,0
Archway,3,3,0
zkSync id,0,0,0
Polygon zkEVM,24,5,3
Diva,27,8,43
Vela Exchange,1,10,18
Letit,8,0,0
WhiteBIT,17,5,10
Maverick Protocol,21,0,0
Tevaera,0,0,0
Velar,5,1,0
LunaFi,1,2,0
DBOE,0,4,0
Range Protocol,23,2,1
Cedro Finance,0,0,0
DigiFinex,8,4,0
BYDFi,3,0,2
Magic Square,12,1,0
StarkNet ID,0,0,0
Aark Digital,0,0,0
MUFEX,0,0,0
Foxify,5,0,0
PulseChain,22,16,6
Housebets.io,0,0,0
DexCheck,22,0,1
Rebel Bots,1,1,4
Hord,34,18,4
Cashmere,33,3,3
5ireChain,1,0,0
zkSync Name Service,0,0,0
Yum Yum,58,3,3
ZKX,0,1,0
Increment,30,15,17
The Lost Wallet,47,36,19
Sui,334,195,171
Linea,53,42,41
Polynomial Protocol,0,0,0
SyncSwap,1,0,0
Daoversal,0,0,0
Velvet.Capital,0,0,0
Huma Finance,1,0,0
SnowCone,7,0,0
Arbitrum,166,52,40
Quasar,2,0,0
Dune Analytics,12,1,0
SPACE ID,15,0,2
Legends of Elysium,1,0,0
Tide Exchange,0,0,0
AlienSwap,0,0,0
ZigZag,6,15,6
Collab.Land,0,0,0
Nexon Finance,0,0,0
EZ Finance,1,0,0
Olive,29,14,10
Enchanter Finance,0,0,0
Mayan,7,4,10
Biokript,0,0,0
Sudoswap,6,6,1
Timeless,35,8,17
BillionAir,90,37,32
SupraOracles,1,0,1
IPOR,12,2,0
Neptune Mutual,1,1,0
NFT3,2,0,0
Demex,10,5,4
Specular,8,5,2
Hashstack,1,0,0
Brine,11,1,6
V2X,34,4,0
Supernova,4,3,0
Bebop,13,9,5
nftperp,0,0,0
KwikTrust,1,1,0
Phi,604,275,324
Plenty,248,131,100
Swing,72,64,15
Spectrum Finance,9,25,0
Harbor Protocol,0,4,0
Sentiment,89,60,21
Vertex,3,2,0
Voltz,10,4,0
objkt.com,0,0,0
TiTi Protocol,0,0,0
JediSwap,0,0,0
Uniswap,191,94,54
Across,331,190,114
Mean Finance,0,1,0
Key App,32,3,3
ParaSpace,8,0,0
Layerswap,8,2,0
Scroll,62,29,16
Aboard,6,3,3
MUN,1752,599,729
Via Protocol,16,23,3
ChainHop,0,2,0
Cega,0,1,0
Wombat,17,10,3
MTG,48,142,22
Arrakis Finance,0,1,0
Dolomite,5,2,3
Deepwaters,0,0,0
BlueMove,11,0,0
OptiFi,1,2,6
Alpha Road,0,0,0
Sei,103,52,59
OpenChat,7,3,1
Shardeum,2,0,5
RabbitX,1,0,0
The Granary,17,1,8
Metaplex,0,0,1
Tectum,0,0,2
Rage Trade,5,3,1
LayerZero,23,8,11
Pontem,8,1,0
Onomy Protocol,1,0,1
Blur,33,24,9
Trustless,55,44,41
Commodo,4,14,1
Stratos,6,12,0
Teritori,4,2,2
XEN Crypto,2,0,0
Binance Account Bound (BAB),0,0,0
ZKEX,0,0,0
Helio Protocol,4,2,2
Karate Combat,16,2,10
Conic Finance,7,7,9
HTX,12,0,1
Odos,2,2,0
Ragnar Protocol,0,0,0
AllStars Digital,0,0,0
KuCoin,162,38,36
Xiroverse,0,0,0
Terran Coin,2,0,0
Quai Network,0,2,0
Dogechain,4,5,10
Portal,125,21,32
Cornerstone,30,12,8
Stride,32,10,2
Composable Finance,4,1,2
STRMNFT,2,0,0
Tegro,11,2,3
Quix,11,5,0
Bungee,3,0,1
StormGain,14,6,22
LI.FI,0,0,0
Tally Ho,2,0,0
Forta,129,40,62
Sweat Economy,8,3,3
ZORA,5,1,18
Velodrome,1,0,1
Chains,517,271,198
0VIX,0,0,2
Bonq,4,0,4
Epsylon,5,5,2
Ledn,8,2,1
RealMe,4,1,14
Matrix,46,9,23
Retrograde,2,0,0
Hop Protocol,1,0,0
Gem,527,214,220
Lend Flare,1,0,0
Armaldia,1,0,0
Leap Wallet,3,1,0
Bridgesplit,0,0,0
Fractional,25,18,5
Nebula Protocol,13,9,4
Orbofi,13,6,0
Styllar,7,2,0
Crescent Network,7,2,0
Tangible,38,30,12
Taki,1172,521,587
ioTube,2,3,0
YoBit,6,1,12
Void Protocol,27,20,10
VINCI,60,8,48
Element Finance,0,0,0
LandDAO,0,0,0
cheqd,19,0,2
DAO Labs,2,0,0
Unagii,10,0,2
Nested,19,14,12
AssetMantle,2,2,2
Morpher,2,0,1
LimeWire,12,0,5
Mars Protocol,2,0,0
Findora,0,1,0
LikeCoin,1,0,0
Fuji DAO,0,0,0
Diffusion Finance,9,1,4
pSTAKE Finance,0,0,1
PartyBid,0,1,0
Frax,8,8,7
Craft Economy,0,0,0
X2Y2,0,0,0
CowSwap,1,0,0
Orbiter Finance,15,10,2
GameInfinity,35,0,0
Katana,32,6,3
Stargaze,14,1,2
Trust Domains,1,0,0
Fraktal,25,1,3
Votium,9,0,0
Pika Protocol,0,0,0
Nomic,678,370,208
Friktion,16,3,3
WhaleFin,9,4,6
Sonic,44,144,7
Quarry,9,0,0
OmniFlix,4,0,0
Chic Cow & Bullzz,0,0,0
Shell Protocol,1,6,0
Mintbase,0,0,1
Legion Network,0,0,2
Rubicon,6,6,3
Glow,46,44,17
Coinhall,4,1,22
LooksRare,2,2,2
StellarX,12,4,1
Coreum,11,2,2
Gas DAO,2,3,1
Astroport,9,4,1
Aztec,2,1,0
Terra Name Service,0,0,60
Lum Network,5,2,2
Francium,15,19,1
ICON,214,302,61
Paras,28,13,2
IOTA,249,74,180
Comdex,1,4,1
Volmex,3,0,0
iExec,13,0,1
Hangry Animals,9,0,0
Argent,43,56,24
Limocoinswap,0,0,0
Socean,1,0,0
Terra World,21,7,3
Superfluid,7,3,1
Hardcore FC,36,5,7
Hedgehog Markets,0,0,0
Sablier,1,31,0
Desmos,1,1,0
Atrix,46,9,23
Instrumental Finance,0,0,0
TokenSets,4,32,0
Spintop,41,2,1
Phantom,12,15,3
DeBank,58,6,10
Aquarius,13,6,0
Saddle Finance,3,0,0
DexGuru,4,2,18
ParaSwap,13,3,1
Matcha,6,1,0
Solanart,9,2,0
Foundation,324,176,233
Digital Arms,32,2,6
Gro Protocol,0,0,0
Gridlock,10,1,9
Paladin,20,5,9
Apricot Finance,0,0,1
Sologenic,5,0,1
TerraFloki,3,0,0
DeFi Saver,0,1,0
OneOf,26,82,3
Zerion,3,6,6
BitYard,0,0,2
Zapper,11,33,3
HUMAN Protocol,13,0,1
Gaia EverWorld,0,0,0
Sportemon Go,17,2,9
Yield Protocol,0,0,2
Cozy Finance,0,0,0
Timeswap,2,2,0
Terra Land,6,14,0
Opyn,5,32,0
Symmetry,14,13,8
Apollo DAO,11,5,1
Solend,6,9,5
Terraswap,2,7,0
Talis Protocol,3,0,0
Flare Finance,9,6,2
Polymarket,5,0,3
zkSync,117,29,12
Valkyrie Protocol,37,6,3
Slingshot,17,8,8
OpenSea,39,21,18
Shade Protocol,6,12,0
Roco Finance,0,6,6
Backd,19,8,7
Loop,451,145,100
Metamask,96,39,44
Nexus Protocol,35,12,17
Boba Network,1,0,0
Portuma,3,0,1
BrightID,6,2,0
InPoker,0,0,0
Adshares,5,0,0
Thales,37,3,0
Foil Network,2,0,0
Songbird,7,6,1
Tokel,1,0,0
BullionFX,0,0,0
Juno,75,15,5
Bitget,58,9,5
Remitano,3,2,1
Angel Protocol,0,0,0
StarTerra,9,6,2
Blockasset,32,8,10
SuperRare,3,1,3
HAI DAMO,0,0,0
Sunny,2,0,1
WEYU,6,0,4
dYdX,25,16,10
DFyn,0,1,0
Notional,0,0,2
Altair,8,9,2
EmiSwap,8,0,4
ShapeShift,44,16,23
THORSwap,7,0,4
VoltNFT,0,0,0
OpenOcean,5,2,0
NFTb,8,1,1
hi,19283,6939,7338
TAP,169,117,58
Moonbet,6,3,2
Spar Finance,0,0,0
Connect Financial,6,4,0
Osmosis,67,26,5
Pylon Protocol,29,7,12
GemBites,0,1,0
EarnBet,2,0,3
Orion Money,7,13,1
CRD Network,0,0,1
Instadapp,3,3,1
Degen’s Farm,0,0,0
Blockster,4,0,0
Skyward Finance,1,0,0
MoonEdge,18,3,0
NEFTiPEDiA,0,0,0
Thorstarter,4,0,0
Arweave,8,2,2
APENFT,1,0,4
EasyBake,2,0,4
Honeyswap,6,2,0
Charged Particles,6,4,9
BarterTrade,0,0,0
Ribbon Finance,3,0,2
ZoidPay,1,0,0
QiSwap,2,2,0
Crypto Thrills,0,0,0
DoRen,16,7,8
SolPAD,8,4,43
Convex Finance,3,0,0
RunNode,0,1,0
Venus,20,3,4
ChainX,1,0,0
Revuto,5,3,1
Solanium,5,2,4
Impermax Finance,2,2,0
Avalaunch,10,5,4
Etherlite,1,0,29
Badger DAO,1,1,2
Binance,428,106,112
DeversiFi,10,0,0
Bribe,20,2,3
SORA,13,0,16
Maiar Exchange,17,2,5
HOPR,3,0,0
Aladdin,4,2,0
KLOMP,6,0,0
NFTMart,0,0,0
LOTTO,16,6,18
1inch,10,7,9
UMA,715,312,267
VINE Protocol,0,0,0
Opensea Traders,0,0,0
Mofi Finance,0,0,0
POAP,15,8,2
Secret Network,52,11,14
Hydra,24,2,1
My Lotto Coin,0,0,0
Anchor Protocol,72,16,18
Graphene,3,0,0
Utile Network,0,0,0
Donnie Finance,0,0,1
Sperax,3,0,0
PoolTogether,4,3,17
Sifchain,15,4,3
Neutrino Protocol,6,0,1
Bounce,50,31,18
Invest & Hodl,0,0,0
Furucombo,0,0,4
Lido,24,8,21
Chainge,10,2,0
OnX Finance,7,1,5
MarcoPolo Protocol,0,0,0
Phala Network,1,0,0
Mirror Protocol,39,20,20
Numio,14,0,0
Flare,34,22,48
SocialGood,8,1,5
Metex,0,0,0
TomoChain,14,2,0
Audius,30,2,86
SwanFinance,0,0,0
Plutus,29,23,21
DIA,1415,778,663
Permission,126,38,70
Massnet,0,0,0
Symbol,30,31,13
Bitcoin Rhodium,2,1,0
Intexcoin,0,0,0
GoodDollar,12,31,6
ARCS,5,15,9
DeFiChain,21,4,5
Cypherium,28,1,0
Handshake,1,2,0
Pcash,9,3,4
SwissBorg,16,4,0
UniWorld,6,0,0
BABB,10,5,7
Bitribe,4,0,0
NowEx,0,0,0
DAO Maker,4,0,0
Escher,44,14,16
Bitbns,7,2,8
Ludena Protocol,6,3,6
PointPay,27,4,70
JUST,6030,2926,2879
Relictum Pro,5,1,29
Storeum,4,3,1
StellarPayGlobal,0,0,0
DRK DeFi,0,0,0
Two Prime,33,14,8
PAC Global,0,0,4
FunderOne,0,0,0
Azbi,3,4,0
Storex,0,3,15
Blockpass,1,0,0
XinFin,18,1,0
1xBit,6,1,0
VNT Chain Labs,0,0,0
ICURY,0,0,0
Swapzone,10,0,0
Tandem,48,9,7
JDX,14,9,7
Global Gaming,7,7,0
Foodecent,0,0,0
NokNok,5,2,0
Minereum,61,15,170
Unochain,3,0,0
Social Club Rocks,0,0,0
KULAP,38,2,2
Petro,25,28,17
B One Payment,0,0,0
Personal Wager,16,2,4
Coalculus,1,0,0
Beldex,17,11,71
DAIN,4,0,0
Emirex,0,0,2
Bitcoin Turbo Koin Giveaway,0,0,0
Bancor,13,9,16
JIL TOKENS,0,0,0
K-Tune,0,0,0
ecxx,79,3,2
Pockero,2,0,0
Netspot Solutions,0,0,0
Limestone Network,8,0,0
P2P Club,2,1,0
BitCollar,0,0,0
Lino Network,1,0,0
Brave New Coin,5,0,0
Wavesbet,0,0,0
Riwigo,3,0,0
LiquidApps,4,0,0
HeroCoin,2,1,1
BlocBox,0,0,0
Morpheus Network,2,1,4
Neo Smart Energy,0,0,0
Stan World,24,11,16
Tune.fm,0,0,0
Swiftex,0,0,0
Diagon,1,1,0
ReFork,2,0,0
Apollo,52,13,92
Cryptocells,2,2,0
Freelanex,6,0,0
Beowulf Blockchain,0,0,0
FreedomOptions,0,0,0
2Key,21,0,7
Crypto Tribunal,0,0,0
TroyTrade,3,0,0
KAPPI,0,0,0
Kuvacash,28,6,18
ENOD,1,0,6
CUDOS,7,0,3
BitQuant,0,0,0
Binance JEX,0,0,0
Yezcoin,1,0,0
Validity,11,3,2
RIF,796,378,378
MediLiVes,10,0,0
Ormeus Ecosystem,1,0,0
INMINING,35,1,1
NOS Initiative,0,0,0
Maecenas,1,0,0
Nova Mining,2,0,0
Project WITH,404,32,32
Adrenaline AI,0,0,0
Hydro,45,20,18
OilWellCoin,0,0,0
Pynk,28,15,2
GCOX,2,0,1
Cocos BCX,16,0,0
Livetree,5,1,1
Felixo,0,0,49
WINk,12,2,3
TeleCoin,1,0,21
SpockChain,0,0,0
Ellcrys,8,6,9
Bitpanda,15,4,0
Arena Match,3,0,0
Discodery,16,0,0
Qtum,8,2,0
Netkoin,0,1,0
Algorand,240,74,37
Ten Billion Coin,4,1,2
OVR,5,2,2
BAGS token,0,0,0
AllForCrypto,4,0,0
Civic,43,13,16
Komodo,26,6,16
Netbox.Global,0,0,0
BRIKCOIN,5,0,0
PIEXGO,0,0,0
ParamountDax,2,0,0
Mediacoin,1,0,0
Dusk Network,6,5,1
Counos Platform,0,0,0
BTCOW,0,0,0
FIO Social,1,0,0
PBET,0,0,0
COINCOME,1,1,2
Comno Network,0,0,0
Blaze Protocol,0,0,0
Genesis,33,14,29
DocTailor,25,0,0
Fortem Capital,9,0,0
Authoreon,0,0,1
IdeaFeX,2,1,1
Ubrica,0,0,0
Typerium,3,0,0
VCC Exchange,1,14,0
Product Protocol,0,0,0
ETHplode,32,10,36
SDAT,1,2,0
Sparrow,16,0,3
Anchor,122,60,35
Creamcoin,0,0,0
CINDX,6,0,7
Atlas Protocol,18,2,3
PlasmaPay,10,1,1
Raven Protocol,19,4,1
Bcnex,14,3,1
Triffic,6,0,0
CoTrader,7,0,0
MimbleWimbleCoin,4,8,0
MiMiDi,0,2,0
Globatalent,1,0,0
Xprivate Chat,0,0,0
Homebloc,11,0,0
XR Web,25,10,0
SUKU,3,0,0
diamDEXX,0,0,0
Ampleforth,18,31,26
Minglechain,0,0,0
Bitwings,21,1,0
UHIVE,18,3,0
Tryvium,7,0,0
AiBB,1,1,3
Dukascoin,0,0,0
SixDomainChain,0,0,0
Crypto Market Ads,5,0,0
UniversalCoin,12,2,0
P2PS,17,1,0
SOCIAL CHAINS,0,0,0
Reserve Round 2,0,0,0
DVMarketplace,0,0,0
Bank of Hodlers,9,0,1
Opiria,2,0,0
Kozjin,1,0,0
BULLEX,0,0,1
AllSesame,0,0,0
Fesschain,1,0,0
Dayta,12,0,0
Mindexcoin,2,9,0
GRAYLL,2,0,0
Ferrum Network,43,1,0
TEN,4509,1954,1846
NOIA Network,3,3,0
Matrix AI Network,27,1,6
AMUSE,5,7,1
MediConnect,2,0,0
BitTube,31,43,29
Authpaper,5,1,0
BTSCOIN,0,0,0
CoinHe,0,0,0
LocalCoin,0,0,1
StellarPay,14,0,0
IOTW,76,3,4
Cryptoxygen,3,0,0
CINEMADROM,3,0,0
Fusion Coin,16,5,5
CBNT,16,1,8
ODEM,2,5,2
EarthBi,3,0,0
Venoty,0,0,0
Futurepia,2,0,0
RTREE,24,0,16
Streamex,1,7,0
Tipestry,0,0,0
Betinance,0,0,0
BitForex,13,3,6
Coinquista,0,0,0
AMANPURI,7,0,0
Atomic Wallet,46,7,12
Five Colors Coin,0,0,0
EVEN Foundation,4,2,0
Konstellation,1,0,0
Gemstra,12,0,0
Chelle Coin,0,0,0
Pukkamex,0,0,0
AVXChange,13,4,0
eden.best,0,0,0
Licht Project,14,0,5
Trade Nexi,0,0,0
OpenWeb Network,0,0,0
Somesing,3,0,0
Vite,129,26,39
MADANA,19,2,0
Knowledge,443,199,185
Block and Chain,0,0,0
Monarch,6,34,0
Ally Network,3,1,0
Files.fm,0,0,0
Terra Credit,3,0,0
Tangle,77,40,145
Vecap,9,0,0
Havaex,0,0,0
FST Network,9,0,0
Vodi X,1,0,0
QuarkChain,45,1,1
Purple Butterfly Trading,0,0,0
Digitex,3,3,7
Omnity,1,0,0
Sheepcoin,0,0,0
QuiGig,7,0,5
BitValve,9,0,0
ARCC,20,3,7
Verity,0,2,4
Belacam,23,4,3
BlocPal,0,0,5
Mindsync,15,0,0
Velic,1,1,2
HighBank,3,0,0
FortFC,36,12,0
CurveBlock,6,0,0
Huddl,7,3,3
Moozicore,28,1,1
CryptoSoul,15,0,0
Nodis,0,0,0
Solve.Care,0,0,0
4hiphop,0,0,0
Almeedex,0,0,0
Saiterm,8,0,0
XCOYNZ,1,0,0
BtcEX,1,0,1
VANM,2,0,50
HyperionX,2,0,0
Crypto Potential,6,4,3
WOWX,0,0,0
TriipMiles,3,0,0
YellowTradingCoin,1,0,0
Bluenote,14,5,17
Cogmento,2,0,0
XPChain,5,0,0
KRONN,0,0,0
GLAD Network,0,0,0
TheVault,2,0,0
CoinTiger,3,1,32
Precium Foundation,0,0,0
Global Cryptocurrency,7,5,5
Z-POP DREAM,0,0,0
WHIRL,11,1,4
Daily Coin News,0,0,0
BitTorrent,12,8,13
Hxro,5,0,0
DACC,5,4,1
Singh,4,3,5
POP Network,1,1,0
MESG,5,3,2
DataOnBlock,0,0,0
PROOF OF TOSS,1,0,0
TerraGreen,46,4,3
PaxPago,9,0,0
Afincoin,0,0,0
The Collective,31,6,7
LTO Network,21,6,7
Insights Network,12,2,2
Cloverdex,4,3,0
DecentraX,0,0,0
Volentix,40,0,0
Energi,3,1,0
Opu Labs,1,0,0
ShareMeAll,0,0,0
MyCryptoBank,0,0,1
Grailum Lab,0,0,0
Petchains,0,0,2
Paradise Token,9,0,9
Game Fanz,0,0,0
Konkrete,4,0,1
KlickZie,2,1,0
TradePlace,7,0,0
Ares Tech,0,0,0
HubrisOne,28,2,26
PerksCoin,0,0,0
Sentivate,15,0,2
Bitcoin Confidential,4,0,0
Dragonglass,1,0,0
THORChain,14,6,19
Griffex,9,0,3
Accumulus Threat Shield,12,0,0
EARNET,1,1,0
MobileGo,3,0,0
HotelLoad,0,0,0
DNN,14,3,3
Playgroundz,6,0,1
BitSong,3,0,0
OmniBazaar,0,0,0
Inmax,2,3,0
Platon Finance,0,0,0
idap.io,0,0,0
Levolution,1,1,0
Bethereum,46,0,2
GAMB,280,117,130
Ice Chain,27,4,0
Pareto Network,3,0,0
Solarex,4,0,0
Spectrum,60,60,9
Faba,8,1,1
Indochain,0,0,0
Liquid (Raffle),0,0,0
VeganNation,4,1,0
Dsion,0,0,0
Tokenville,6,1,1
Gooreo,1,0,0
PopulStay,9,0,0
Uris,166,67,27
Havven,13,41,20
CryptoBonusMiles,1,1,0
Jarvis,2,0,30
Bancryp,0,0,0
MEDoctor,0,0,0
Cubego,1,0,1
Unification,7,4,0
Mind AI,14,8,4
Cures Token,0,0,0
Mobile Token Bank,0,0,0
GoDDEX,11,14,4
SpringRole,7,1,0
Securypto,5,0,0
Dolla,571,342,296
Tune Token,3,0,0
V SYSTEMS,2,0,0
OcNet,0,0,0
Orbise,3,3,0
Sonata.ai,0,0,0
Phoneum,33,5,8
C2C,29,17,0
BitCanna,1,1,0
Smart Trade Coin,2,0,0
Wellmee,77,1,0
Varius World Tech,0,0,0
ZenSports,15,0,0
Raido,10,13,3
Biton,13,6,5
Tokedo,0,0,0
UniFox,34,0,0
One Solution,6,1,0
PGF500,0,0,0
Datafund,0,0,0
Trippki,6,11,0
Murmur,7,0,1
Rewards,507,229,119
Namacoin,0,0,0
THE 4TH PILLAR,7,12,0
QUBAY,0,0,0
SocialRemit,19,0,1
ALLIVE,11,1,0
Clear Foundation,10,7,64
TheFund.io,0,0,0
Qobit,19,0,0
GAMO Protocol,2,0,0
Bitozz,2,0,0
ND Invest,98,61,48
GG International,0,0,1
Tradesprite,0,0,0
VeryFile,29,0,0
TEMCO,3,7,8
Social Note,7,5,3
XRP by Huobi,0,0,0
X Infinity,7,1,4
FanChain,0,0,0
Fidelity House,5,0,0
Bitcademy,3,0,0
FiiiCoin,0,0,0
Platin,15,5,6
HintChain,0,0,0
London Block Exchange,9,0,0
Athero,39,0,0
Lition,5,5,14
SciDex,10,0,0
Betform,10,2,0
Yanu,10,2,3
Little Phil,28,5,5
Monoreto,0,0,0
FEEDOCK,0,0,0
HARA,569,267,196
Vreo,0,0,1
HiLynk,0,0,0
Depository Network,44,3,0
Platio,3,0,8
DX.Exchange,0,0,0
BCoin,18,9,5
Skrumble Network,1,0,0
EtherInc,1,0,0
MyOS,2,2,0
EurekaPro,0,0,0
Consensus,249,149,112
Stox,22,0,0
Mycro Jobs,0,0,0
Instant Sponsor,1,0,1
GoFind.World,0,0,0
MinedBlock,2,0,0
Crypt-ON,0,0,0
CoinJax,0,0,0
LEXIT,58,70,22
AIVON,1,0,0
Archetypal Network,1,0,0
B21,14,4,0
Open Packaging Network,1,0,0
Bistox Exchange,17,0,0
FortKnoxster,0,0,0
Connecty,30,0,0
Truwho,0,0,0
Hydro Protocol,0,0,5
Kidbizo,0,0,0
SIRIN LABS,8,2,2
Get Achieve,2,1,0
Bright Network,13,0,1
Sentinel,181,83,37
Certified Diamond Coin,1,0,3
idealcoin,1,0,0
GOZO,6,0,0
Smart Refinery Technologies,61,1,0
Javvy,7,5,0
STAYGE,3,0,0
Zulu Republic,2,0,2
Aelf,36,2,1
ETH Birds,0,0,0
weBloc,33,1,37
Superbloom,28,2,1
Rise,680,373,287
Bitsrent,0,0,0
Cryptocoin Insurance,0,0,0
Job.com,0,0,0
Bionic,9,4,0
Renaissance Engineering,38,33,5
Cubiex,1,1,0
Qredit,58,1,1
DigitalBits,3,6,1
IUNO,2,0,0
eMusic,45,62,35
Restart Energy,2,0,0
Infinitus,13,16,1
Lampix,8,1,1
Magnetics,24,11,4
AORA,1,0,1
Sportsfix,2,0,0
Qlear Protocol,11,0,0
MorLabs,0,0,0
WooshCoin,0,0,0
Coinbates,16,3,0
ONO,1195,600,364
Triphop,31,6,10
Neironix,2,0,1
PowerChain,27,9,3
Xenia,10,9,1
Your Data Safe,8,8,0
Pigzbe,15,6,0
Balehu Protocol,0,0,0
Storiqa,12,1,0
Centaure,7,0,0
Loopring,94,60,15
AI Crypto,1,0,0
SPIN Protocol,0,0,0
Social Media Pay,5,1,8
ABBC foundation,1,0,0
REDi,1074,511,381
LogisticsX,0,0,0
FasTrader,6,0,0
TokenBacon,4,0,1
SUAPP,19,0,0
DISTRICTS,1,6,0
ECTA,128,83,47
Silent Notary,4,0,0
Centive,264,156,75
PingPaid,2,0,2
Becent,11,1,28
XTribe,8,1,1
INLOCK,30,8,0
Krypti,17,3,5
ASOBI COIN,0,0,0
Borneo,5,0,0
Nerves Foundation,0,0,0
Tatau,2,0,0
Aenco,15,1,0
CyberVein,5,2,1
Karatcoin,7,0,0
ArtPro,1,0,0
Penchant,17,13,0
Parkade,4,1,111
NonZero,7,3,5
Cardonio,1,0,0
Sansox,0,0,0
Swachhcoin,9,0,0
Shopin,25,1,2
Blockkonnect,3,0,0
dClinic,0,0,0
X-Cash,0,0,0
Vibeo,1,1,0
Masternode Invest,18,1,0
Topex,6,3,1
Berminal,1,0,0
Expanse,4,2,0
Osmium Investment Coin,0,0,0
AURA,70,22,19
WMpro,3,0,0
Securix,28,3,4
UDAP,0,1,0
Olife,8,2,3
Curaizon,3,0,0
ODIN,87,60,27
RedCab,144,0,6
Contents Protocol,0,0,0
Beverage Cash,0,0,0
XMax,25,7,0
Scienceroot,1,0,0
Spheroid Universe,0,0,0
X-Block,0,0,0
Buying,655,250,282
One Game,12,3,4
WOM Token,1,0,0
Caspian,1,0,0
iLink2Music,0,0,0
Natmin Pure Escrow,3,3,0
Kineticex,0,0,0
Zwoop,116,8,9
INDX Capital,2,0,0
PayX,0,0,0
Skynet,4,0,2
LoveBlock,6,8,2
TTC PROTOCOL,37,4,0
Bithereum,9,0,0
MOAC,33,0,2
Bitfam,4,4,0
Republia,0,0,1
FUNKEYpay,0,0,0
Papusha,0,0,0
iTrue,8,1,5
Beam,11,22,3
KiMex,2,0,0
Twogap,4,0,0
LATTICE80,10,4,0
Florafic,0,0,0
BitMart,37,9,3
Efforce,9,2,4
Spiking,8,14,6
Bidooh,2,0,1
imusify,12,0,1
ICOVO,4,0,0
Cloudbric,6,2,1
Tachain,17,2,0
WorkChain,0,0,0
BrokerNekoNetwork,0,0,0
SUBAJ,0,0,0
Scanetchain,4,5,0
Payperblock,0,2,0
Greenlink,48,21,10
55 Exchange,10,4,2
Finnoq,1,1,0
DateMe,0,0,0
Helios Protocol,0,0,0
Gravity GZRO,0,0,0
Gosama,0,1,0
LaneAxis,2,0,0
CRYPTTO,13,5,0
Sleecoin,0,0,0
NAU,101,21,29
TrigID,32,0,0
VeChain,89,6,14
Avatara,9,2,0
ODYSSEY,12,1,3
Rate3,1,2,0
Bouncy Coin,5,4,2
AgentMile,0,0,12
Hirefreehands,19,1,0
Denarii Cash,1,0,0
WebDollar,23,3,4
WeBuy,29,2,8
MECA Coin,1,1,0
ABELE GROUP,0,0,0
AGATE,6,3,2
Kronos Token,6,0,0
Wandx,5,3,0
Envoy,0,2,1
iRide,0,0,0
Synthetics AI,0,0,0
Symphony,2,0,0
Margin,441,75,65
GSC Aviation,3,0,0
Share Internet Data,1,0,0
MetaHash,1,0,0
HyperQuant,4,1,0
Kheper,2,4,8
Opporty,0,0,0
Blackbox Foundation,0,0,0
MedChain,0,0,0
VIDDO,25,11,8
GreenHashes,7,0,4
Pearl Pay,5,5,2
High Performance Blockchain,19,3,7
Conference Coin,1,1,0
YondoCoin,3,0,0
Kvantor,2,1,0
Jupiter Chain,1,0,0
ZeroState,0,0,0
MapCoin,0,0,0
EyeGlob.Net,0,0,0
Crypviser,0,0,0
MARAChain,9,0,0
NextPakk,28,0,0
Distributed Blocks,0,0,0
Fieldcoin,0,0,0
VEIAG,0,0,0
LockTrip,10,0,6
ZINC,3,2,0
Spl.yt,0,0,0
SilkChain,6,0,0
unitalent,0,0,0
CareerChain,0,0,0
CraftR,1,0,0
Thingschain,0,0,0
Hashgard,1,0,0
Daviescoin,0,0,0
Contractium,24,0,0
MOBU,12,14,1
Philanthor,11,2,0
Medipedia,0,1,0
TLPAC,0,0,0
Sports Ledger,0,0,0
Real Estate Doc,10,2,4
CAREONchain,2,0,0
Project H,314,24,26
DREAM & INDORSE,0,0,0
BuratinoBS,0,0,0
OpenBrix,0,1,0
VU Token,14,1,0
BolieCoin,0,0,0
CampusCoin,3,0,0
RIPAEX,0,0,0
BlockVest,21,1,33
NeoPlace,0,0,0
INTRO,618,243,182
GStar Ecosystem,5,1,0
Everipedia,2,0,3
ZeroBank,0,0,0
Vidy,2,0,0
Attrace,0,0,0
SVPER,17,0,2
RockerCoin,0,0,0
Rays Network,0,0,0
Tokenize,49,20,8
Dream Real,24,2,3
Asian Develop Coin,1,0,0
AIRSTAYZ,0,0,0
YINC,0,0,0
BLOXIA,5,0,0
Color,143,60,31
Watermelonblock,1,2,0
Hurtle Coin,0,0,0
BIGBANG,26,4,12
Starflow,11,1,0
MYTC,2,0,0
Aniko,21,3,21
W Green Pay,7,4,0
GUARIUM,1,0,0
Prime Shipping Foundation,0,0,0
Propy,10,0,1
Easy Trading Platform,0,0,0
DNeT,4,0,0
Meritt protocol,6,0,0
STAR BIT,0,0,0
MulTra,4,0,0
Expercoin,5,0,0
Kava,3,0,1
Bytemine,4,0,0
UNICO,26,11,10
Diro,5,1,0
Gratzio,11,1,3
Bixtrim,0,0,0
Inmediate,1,0,0
JSEcoin,8,0,0
MediLOT,0,0,0
PCHAIN,33,3,12
HELIX Orange,0,0,0
Shipit,11,2,0
Miracle Tele,10,0,0
Runs,132,86,49
IGNITE,34,16,5
eLYQD,22,0,0
Bailsman,1,0,0
Lambda,37,13,11
Rubius,5,3,4
Svandis,13,0,0
AllSporter,0,0,0
Playrs,3,0,0
CoinAnalyst,4,0,0
Spokkz,54,1,0
Zantepay,14,1,0
Cure Cosplay,1,0,0
WAB Network,1,0,0
Liquid8,58,1,3
Fanship,30,2,4
Inmusik,0,0,0
CrowdToken,1,0,0
OSA,232,119,98
moolyacoin,1,0,0
Hyperbridge,5,0,10
TombCare,0,0,0
Tuurnt,0,0,0
Usechain,6,0,0
Storeplex,0,0,0
ParcelX,2,0,0
APRES,43,8,6
Blockhive,3,0,0
Creatanium,7,0,0
TradeRiser,0,0,0
Monopoly,35,29,15
Sharevest,0,0,0
Explorio,5,1,0
EPIPHANY,33,13,14
BUMO,2,0,0
Barrel,21,22,29
CryptoMillionsLotto,1,0,0
ImmVRse,1,0,0
Atidium,4,1,0
DTO,13,2,0
Provoco,0,1,0
TraXion,108,12,0
BitEsprit,18,1,0
HEROIC.com,0,0,0
Dench Music,1,0,0
Versara Trade,21,0,0
MiBoodle,0,0,0
HelloGold,30,13,0
ODMCoin,0,0,0
Waves,36,24,13
MEvU,58,7,1
Casper API,15,1,0
WAR FIELD,19,9,5
Leonardian,2,2,0
Cornucopia,15,1,6
Tutellus,3,1,0
Corl,6,4,0
Prandex,1,0,0
Dizcovery Network,0,0,0
BlockFollow,0,0,0
Grapevine World,0,0,0
Blockonomics,6,0,0
Nauticus,18,6,0
Further Network,23,5,20
Breezecoin,3,0,2
RAcoin,3,0,2
TRESARO,11,2,0
Wemark,16,2,2
Setteo,0,0,0
ERN,2875,1642,1402
Terawatt,24,16,9
CryptovationX,0,0,0
Feedchain,3,0,0
Basis Neuro,0,0,0
Staramba,8,1,0
re:factor,0,0,0
GreenX,7,0,5
FTW,338,188,146
Atlantis Blue,14,0,1
Parkres,4,1,0
LendsBay,0,0,0
0xcert,3,0,10
Humanscape,3,0,0
CrowdIF,9,0,0
VideoCoin,25,1,0
Nebula,140,24,7
NeoNameService,21,10,4
Sparkster,28,5,4
Buddy,65,18,25
CrypStock,6,0,0
Luvdub,28,0,1
Aworker,2,8,13
QLC Chain,32,9,4
Sponsy,3,0,0
Menlo One,0,0,0
WeSend,0,0,0
InsCoin,27,0,0
ExTrade,0,0,2
MUXE,3,0,0
Lina,42,19,9
Zoidcoin,0,0,0
Origin Sport,8,0,0
No BS Crypto,0,0,0
Cosmecoin,0,0,0
Railz,0,8,0
ContentBox,63,0,3
rLoop,4,1,2
Bitney,22,1,4
APIS,87,47,43
XMED Chain,0,0,0
IndiCoin,21,0,0
Nobar,1,1,0
Coinself,3,0,0
MAKEAFOLIO,0,0,0
Iris.ai,0,0,0
Deedcoin,2,0,0
DAV,123,42,26
Find.Exchange,0,0,0
INGOT Coin,27,4,0
Profede,12,0,0
Box 2 Table,0,0,0
GlobeCas,1,0,1
GOeureka,2,0,0
Xeeda,3,1,0
RecordsKeeper,0,0,0
DATAVLT,0,0,0
Jibbit,7,2,0
Loyakk,2,0,0
AVINOC,16,0,0
TokenUnion,2,0,0
Root Blockchain,3,0,1
Ormeus Coin,1,1,63
CryptoRiya,0,0,0
Mjolnir Guard,0,0,0
Daox,1,0,0
PavoCoin,0,0,0
Brainmab,0,0,0
Viewo,26,3,0
FanFare,21,8,2
Crystals,46,11,13
XGenomics,0,0,0
Gese,4,0,2
ASKfm 2.0,0,0,0
B2BX,1,0,0
Lamoneda,1,1,0
Accounting Blockchain,1,4,0
Energi Token,0,0,0
Nebeus,0,0,4
iRegMed,0,0,0
Paygine,1,0,1
Ivy,11,4,2
Binex.Trade,0,0,0
Selfie GO,80,71,3
Clash & GO,0,0,0
Miner Edge,0,0,0
Keplertek,5,0,1
Ink,5380,2119,2155
Kimera,26,6,28
Prime Ball,15,2,3
Aitheon,2,0,1
TaTaTu,28,2,10
SupPorter,59,19,20
Neodium Network,0,0,0
Acudeen,5,0,0
EasyLoot,0,0,0
VIMANA,22,4,4
DeNet,6,0,0
Goldma,13,9,6
Ommer,223,56,42
Viva Network,0,0,0
LeadRex,0,0,0
PO8,3,0,0
SmartMesh,1,0,0
ATN,24,63,25
Luna,281,91,81
Fenix,22,2,1
SuccessLife,0,0,0
Planport,0,1,0
DateCoin,7,0,0
ArchiCoin,0,0,0
CryptoHIT,0,0,0
JioJioMe,0,0,0
Genexi,5,3,9
mCoin,53,9,44
CONDA,112,58,16
Koumei,7,8,10
HODLit Network,0,0,0
SKYFchain,41,2,0
Coinyspace,0,0,0
Fructus,0,2,19
Horizon,51,28,4
KanadeCoin,0,0,0
Xriba,0,0,0
TowerBee,2,1,0
MST,70,40,40
ETHERC,1,0,3
Elepig,0,0,0
DINO,34,3,16
LaborCrypto,9,0,0
MD Tokens,0,0,0
BitImage,0,0,0
Byteball,72,19,10
GrabAMeal,3,0,0
GLEDOS,0,0,0
CarLive Chain,0,2,14
WONO,3,0,0
SelfSell,9,0,0
Acute Coin,0,0,0
CryptoFlix,0,0,0
HubToken,0,0,0
ICO Pass,6,0,0
Amicorum Live,0,1,0
Global REIT,14,12,10
WizeBit,8,0,0
Zichain,1,0,0
Tradingene,3,0,0
OkeyDokey,0,0,0
Birdchain,21,7,0
FreelancerCoin,0,0,0
Blue Whale,18,13,8
GoldMint,6,14,3
EvolutionOS,9,1,3
Linfinity,8,4,0
Cortex,9,7,1
Crowd for Angels,3,0,0
Iconiq Lab,4,2,0
Arousal,12,0,1
CGCX,37,1,0
WULET,42,10,0
Elysian,5,0,0
Coinet,0,0,0
Lancer Network,3,0,0
Safe Haven,6,12,5
ARAW Token,6,5,0
DirectHome,0,0,0
Buzcoin,0,0,0
DICEGAME,0,1,0
BeepBeep Nation,0,0,1
ABCC Exchange,11,6,0
Deconet,3,0,0
DataBlockchain,3,0,0
CarBlock,0,0,0
Bulleon,0,0,0
CoinCrowd,0,0,0
RankingBall,21,0,1
Bubbletone,21,0,0
MPCX,2,0,0
BlockStorage,0,0,0
XcelToken Plus,0,0,0
XCHNG,32,2,10
TrustLogics,23,0,0
BitRent,1,0,0
Free Market Token,5,2,0
StarChain,4,0,0
ABitchain,0,0,1
Check-Car,0,0,0
AI Gaming,1,0,0
AbacasXchange,0,0,0
Ether joy,0,0,0
Blockport,86,12,4
ConcertVR,0,0,0
BitMinutes,1,0,0
BFEX,2,0,0
webRunes,0,0,0
Invest in Brokers,0,0,0
ApolloChain,1,2,0
uRunIt,1,0,0
AllStocks,0,0,0
CFun,3,0,0
Coin Governance System,0,0,0
Cryde,20,4,0
Belotto,0,0,0
Terra Virtua,5,0,0
Olympus Labs,15,1,6
Proton,27,14,4
Touch. Social Network,0,0,0
Zeex,11,2,1
AutoBay,18,0,3
CargoChain,0,0,0
4NEW,40,7,10
Moveco,0,0,0
GladAge,2,0,0
Indorse,11,1,0
Unboxed,55,3,34
MetaMorph,10,5,0
Delicia,0,0,0
0Chain,33,2,4
Esports Chain,0,0,0
Smart Trip Platform,3,0,0
TrustNote,9,1,0
Parsec Frontiers,15,3,3
Mine Coin,8,0,2
BITRUST,25,20,1
DeepToken,0,3,3
Workcoin,4,0,7
McFly,0,0,1
CoinMetro,27,76,2
Kryptono Exchange,5,0,0
dApp Builder,8,0,0
PreVUE,33,6,7
EthicHub Twitter,0,0,0
Urbit,17,9,3
Boosto,13,7,2
Assettoken,0,0,0
Anything App,48,21,3
Pointium,0,0,0
BIOK,1,0,1
BITMILLEX,1,0,0
Bidipass,2,0,0
Sentinel Protocol,26,4,7
MoneyToken,0,6,0
Bitsum,5,1,0
Endorsit,3,1,0
SDChain,4,1,0
Mingo,14,7,7
LibertyLance,0,0,0
Block Broker,2,0,0
Hyperion,8,1,1
Golden Currency,4,3,1
DigiPulse,20,37,15
EXCHAIN,6,5,18
Spindle,25,7,3
SEDA,30,8,4
ViValid,21,0,0
MBYS,22,9,13
Xenchain,1,0,1
Kakushin,3,0,0
EVO,774,234,173
Strykz,0,0,1
KELTA,3,6,1
RAWG,30,4,0
AICT,19,16,8
Meshbox,16,9,6
eosDAC,1,0,0
EatMeCoin,0,0,0
Superset,28,6,8
Coinpaws,3,0,0
Trident Group,4,1,8
Prontapay,1,0,0
Akaiito,0,2,0
SmartO,0,0,0
ENTRY,242,83,70
Digitize,17,0,0
VinChain,8,0,6
Bit.Game,0,0,0
Pecunio,40,4,1
LabStart,0,0,0
Vexanium,7,0,0
QRYPTOS Exchange,3,0,0
THEKEY,22,2,1
EchoLink,20,4,2
EthicHub,0,0,0
Marginless,3,0,0
ABLE,4994,2641,1653
Cosmochain,9,4,0
ChronoBank,14,2,5
BitRewards,1,0,2
Vanig,7,1,0
London Football Exchange,4,0,1
LemoChain,0,0,0
SurruS,1,1,1
CPROP,22,5,0
Bundle,23,8,9
3DES,14,16,2
Contract Vault,5,0,0
Modex,12,0,0
Modorr,0,1,0
BitFence,0,0,0
MaxiMine,0,0,0
Biotron,18,13,3
Berith,3,0,0
Moneda,4,2,2
CyteCoin,0,0,0
BitLumens,10,0,2
Union,127,48,23
BHOM,0,0,0
Potentiam,7,0,0
Emrify,0,0,0
Hai Project,0,0,0
LangNet,1,6,0
Ambr,37,7,7
Snovio,32,5,60
Alvalor,30,10,5
Triggmine,2,0,0
Thorium,1,1,2
Sport X,0,1,0
MOS,3984,1803,1392
VRT World,0,0,0
Game Loot Network,18,0,0
MyDFS,1,1,0
Semux,13,1,6
Storweey,2,0,0
NWP Solution,2,0,0
Kinguin,4,9,0
Goldiam,11,6,0
First Trading Ecosystem,0,0,0
Cybereits,0,0,0
Blocknubie,0,0,0
HOLD,1579,717,579
BCharity,9,0,0
ALAX,94,10,7
Blockchain Hotels 2.0,0,0,0
Crypto Angel,13,3,2
Flashmoni,4,0,0
BLACKFOL.IO,0,0,0
Disciplina,14,7,3
Birake,1,0,0
ExtraCredit,3,0,0
HowDoo,97,3,4
SANCOJ,2,1,0
Smart Unit,14,0,0
Papyrus,1,0,0
WeiCrowd,0,0,0
Talao,1,0,0
Etheal,2,1,0
StasyQ,0,0,0
BTU Protocol,0,0,0
Pantos by Bitpanda,0,0,0
Safein,0,0,1
Eniac Network,0,0,0
Fox Trading,0,0,0
Decibels,2,0,0
MF Chain,12,0,0
Cryptelo,3,0,0
Cartel,56,21,296
Bob’s Repair,0,0,0
Measurable Data Token,7,0,1
Blok,7,3,5
AdSigma,1,0,0
PayVX,0,0,0
Instant Assets Tokens,3,0,0
Algebraix,25,1,0
Chimaera,2,0,0
Essentia,232,190,171
Pibble,10,8,12
eCharge,16,17,1
Flux,136,26,24
LAPO,13,12,38
VeriME,1,0,0
Crestonium,0,0,2
OS University,14,0,0
Friend Unifying Platform,0,23,0
Photochain,24,13,14
Aeternum,25,14,8
Xmoneta,0,0,0
Aphelion,17,4,41
Koios,0,0,1
Blockshipping,1,0,0
AIDA Service,0,0,0
Trifid,26,7,5
DarcMatter,3,0,0
Signals,62,66,11
Oyster Shell,9,2,1
CashBag,0,0,0
Viola,61,55,75
Cappasity,19,0,3
PHI,604,275,324
Biograffi,0,0,0
Gluon,8,5,4
Fishcoin,10,0,0
BZLcoin,0,0,0
A2B Taxi,2,0,0
Monanex,0,2,0
Gladius,6,0,26
Elementh,8,0,6
Callisto,3,0,0
CIBUS,16,0,2
ConnectJob,0,0,0
BitNautic,2,0,0
WOTER,3,0,0
Ethearnal,15,0,0
Bitcore,73,1,0
